,companyFullName,city,companyLabelList,companySize,createTime,district,education,financeStage,firstType,industryField,positionAdvantage,positionLables,positionName,salary,workYear,,
0,光合新知（北京）科技有限公司,北京,"['产品领先行业', '关注学习本源', '明星跨界团队', '股票期权']",150-500人,2018-03-10 13:37:00,朝阳区,不限,C轮,开发/测试/运维类,"移动互联网,教育","年假15天,免费早午餐,技术氛围好,弹性不打卡","['中级', '全栈', 'php', 'Java']",Python,15k-30k,1-3年,,
1,北京旷视科技有限公司,北京,"['科技大牛公司', '自助三餐', '年终多薪', '超长带薪假期']",500-2000人,2018-03-09 18:05:06,海淀区,本科,C轮,开发/测试/运维类,"移动互联网,硬件",平台好；福利多,"['后端开发', '后端', '爬虫', '测试平台']",python工程师,15k-30k,3-5年,,
2,杭州群核信息技术有限公司,杭州,"['两次加薪', '弹性工作', '期权丰厚', '两次晋升']",500-2000人,2018-03-08 18:24:03,拱墅区,本科,D轮及以上,开发/测试/运维类,移动互联网,期权激励、年度旅游、年终丰厚、零食水果,"['后端开发', 'Java', '系统开发', 'golang']",Python研发工程师,15k-23k,1-3年,,
3,深信服科技股份有限公司,深圳,"['三餐全包', '大牛超多', '年终奖超多', '大公司，稳定']",2000人以上,2018-03-09 15:36:24,南山区,本科,不需要融资,开发/测试/运维类,"信息安全,企业服务","平台大,发展快,待遇好,福利棒",['django'],Python软件开发工程师,15k-20k,1-3年,,
4,奇虎360科技有限公司,北京,[],2000人以上,2018-03-09 14:36:24,朝阳区,本科,上市公司,开发/测试/运维类,"移动互联网,游戏",五险一金 补充医疗 免费三餐和班车,"['C++', 'Go']",Python 开发工程师,25k-35k,3-5年,,
5,北京作业盒子科技有限公司,北京,"['技能培训', '年底双薪', '节日礼物', '年度旅游']",500-2000人,2018-03-10 13:53:37,朝阳区,本科,C轮,开发/测试/运维类,"移动互联网,教育","大平台,技术牛,好前景,核心职位","['后端开发', '大数据', '数据挖掘']",python工程师,20k-40k,3-5年,,
6,深圳虾皮信息科技有限公司,深圳,"['定期体检', '通讯津贴', '带薪年假', '绩效奖金']",2000人以上,2018-03-09 12:10:13,南山区,本科,上市公司,开发/测试/运维类,电子商务,东南亚跨境电商平台、福利棒、美女多,"['后端开发', '全栈', 'MySQL']",Python开发工程师,15k-30k,1-3年,,
7,北京爱奇艺科技有限公司,北京,"['绩效奖金', '五险一金', '交通补助', '带薪年假']",2000人以上,2018-03-08 09:29:27,海淀区,硕士,D轮及以上,开发/测试/运维类,"广告营销,文化娱乐",14薪，12天带薪年假，地铁周边,"['云计算', '直播', '资深', '高级', 'django']",Python开发工程师,18k-28k,1-3年,,
8,北京三快在线科技有限公司,北京,"['技能培训', '绩效奖金', '岗位晋升', '领导好']",2000人以上,2018-03-11 01:49:44,朝阳区,本科,D轮及以上,开发/测试/运维类,"移动互联网,O2O","优厚待遇,技术导向","['资深', '大数据', 'C++', 'Java']",服务端高级开发工程师Golang/Python,35k-45k,3-5年,,
9,北京市商汤科技开发有限公司,深圳,"['五险一金', '弹性工作', '丰盛三餐', '发展空间大']",500-2000人,2018-03-07 15:48:40,南山区,本科,B轮,开发/测试/运维类,移动互联网,"人工智能,福利好,技术大牛多,弹性工作","['高级', '大数据', 'Java']",Python开发工程师,15k-30k,3-5年,,
10,北京天下秀科技股份有限公司,北京,"['技能培训', '节日礼物', '绩效奖金', '年度旅游']",500-2000人,2018-03-05 13:43:03,朝阳区,本科,C轮,开发/测试/运维类,"移动互联网,广告营销","团队氛围好,五险一金,节日福利","['云计算', '中级']",Python开发工程师,18k-25k,1-3年,,
11,北京车之家信息技术有限公司,北京,"['技能培训', '节日礼物', '带薪年假', '绩效奖金']",2000人以上,2018-03-01 15:35:13,海淀区,本科,上市公司,开发/测试/运维类,"移动互联网,文化娱乐",平台好，发展空间大,['golang'],Python开发工程师,15k-25k,3-5年,,
12,平安科技（深圳）有限公司,上海,"['节日礼物', '年度旅游', '岗位晋升', '技能培训']",2000人以上,2018-03-08 15:52:20,浦东新区,本科,不需要融资,开发/测试/运维类,金融,世界50强 节日福利 绩效丰厚,"['大数据', '数据挖掘']",Python开发工程师（上海）,15k-30k,不限,,
13,深圳市明源云客电子商务有限公司,深圳,"['高额六险一金', '年底双薪', '绩效奖金', 'N项经费']",2000人以上,2018-03-11 10:15:45,南山区,本科,上市公司,开发/测试/运维类,"移动互联网,企业服务",技术导向，牛人多，氛围赞，扁平管理,"['PHP', '大数据', 'Java', 'hadoop']",高级Python开发工程师,16k-22k,3-5年,,
14,腾讯科技(深圳)有限公司,深圳,"['免费班车', '成长空间', '年度旅游', '岗位晋升']",2000人以上,2018-03-07 14:36:55,南山区,本科,上市公司,技术,"移动互联网 ,游戏",福利待遇优厚、大平台,[],Python开发工程师,15k-25k,3-5年,,
15,北京旷视科技有限公司,北京,"['科技大牛公司', '自助三餐', '年终多薪', '超长带薪假期']",500-2000人,2018-03-09 18:05:07,海淀区,本科,C轮,开发/测试/运维类,"移动互联网,硬件","技术驱动,极客氛围,大牛团队","['中级', '后端', 'django']",Python工程师,20k-40k,1-3年,,
16,掌阅科技股份有限公司,北京,"['专项奖金', '带薪年假', '年度旅游', '扁平管理']",500-2000人,2018-03-09 21:07:33,朝阳区,本科,不需要融资,开发/测试/运维类,移动互联网,"扁平化管理,福利待遇佳,学习氛围好,晋升空间大","['云计算', 'Java', '架构']",高级Python研发工程师,25k-35k,3-5年,,
17,北京搜狗科技发展有限公司,北京,"['岗位晋升', '扁平管理', '管理规范', '精英团队']",2000人以上,2018-03-08 11:01:21,海淀区,本科,C轮,开发/测试/运维类,"移动互联网,数据服务",技术先进、团队气氛佳,"['信息安全', '硬件制造', 'Java', '运维']",技术工程部-python开发工程师,20k-40k,3-5年,,
18,深信服科技股份有限公司,北京,"['三餐全包', '大牛超多', '年终奖超多', '大公司，稳定']",2000人以上,2018-03-09 15:36:23,西城区,本科,不需要融资,开发/测试/运维类,"信息安全,企业服务",中国卓越雇主，扁平管理，有竞争力的薪资,"['信息安全', '资深', '架构师', 'Java', '架构']",Python开发工程师,12k-20k,1-3年,,
19,深圳市和讯华谷信息技术有限公司,深圳,"['五险一金', '文体活动', '团建旅游', '美味晚餐']",150-500人,2018-03-09 11:24:26,南山区,本科,D轮及以上,技术,"移动互联网,数据服务",五险一金、14薪/年、下午茶、工作餐等等,['云计算'],Python开发工程师,10k-20k,1-3年,,
20,先花信息技术（北京）有限公司,北京,"['股票期权', '年底双薪', '带薪年假', '功夫熊按摩']",150-500人,2018-03-08 14:47:00,海淀区,大专,B轮,开发/测试/运维类,"移动互联网,金融",带薪年假,"['大数据', 'Java']",python研发工程师,15k-20k,3-5年,,
21,北京轮子科技有限公司,北京,"['上升空间大', '人工智能', '柳青的同事', '高盛高管']",15-50人,2018-03-11 16:28:36,朝阳区,本科,A轮,开发/测试/运维类,"移动互联网,生活服务","国内最强,生活人工智,高盛高管,普林大神","['视频', '数据分析', '大数据', '算法', '机器学习']",Python工程师,15k-25k,1-3年,,
22,平安科技（深圳）有限公司,上海,"['节日礼物', '年度旅游', '岗位晋升', '技能培训']",2000人以上,2018-03-08 15:52:32,浦东新区,本科,不需要融资,开发/测试/运维类,金融,公司发展前景好，福利待遇好,"['金融', '大数据', '数据挖掘', '算法', '数据结构']",Python开发工程师（上海）,10k-15k,不限,,
23,北京嘉楠捷思信息技术有限公司,北京,"['带薪年假', '定期体检', '领导nice', '八险一金']",150-500人,2018-03-10 21:19:12,海淀区,本科,A轮,开发/测试/运维类,硬件,弹性,"['高级', '中级', 'Java', '架构']",python开发工程师,15k-20k,3-5年,,
24,深圳晶泰科技有限公司,深圳,"['节日礼物', '股票期权', '岗位晋升', '扁平管理']",50-150人,2018-03-09 10:49:53,福田区,本科,B轮,开发/测试/运维类,"企业服务,医疗健康","大牛多,公司氛围好,周末双休,成长快","['云计算', '后端开发', 'web', 'Go', 'django']",高级Python开发工程师,15k-23k,1-3年,,
25,北京国双科技有限公司,深圳,"['年度旅游', '节日礼物', '年底双薪', '带薪年假']",500-2000人,2018-03-10 18:23:10,福田区,本科,上市公司,开发/测试/运维类,"数据服务,企业服务",大数据上市公司 福利待遇好 成长空间大,"['全栈', 'GO', 'linux', '运维']",资深python开发工程师,15k-25k,5-10年,,
26,北京果壳互动科技传媒有限公司,北京,"['技能培训', '年度旅游', '岗位晋升', '家庭式三餐']",150-500人,2018-03-09 13:12:31,朝阳区,本科,C轮,开发/测试/运维类,"移动互联网,社交网络","八险一金,免费三餐,不加班,弹性工作",['大数据'],高级Python开发工程师,20k-40k,3-5年,,
27,上海贝涛金融信息服务有限公司,上海,"['节日礼物', '年底双薪', '专项奖金', '带薪年假']",50-150人,2018-03-09 11:38:42,徐汇区,本科,A轮,开发/测试/运维类,金融,"商业保险,年度旅游,带薪年病假,弹性工作","['金融', '后端开发', 'MySQL', 'redis', '架构']",高级Python研发工程师,15k-30k,3-5年,,
28,成都数联铭品科技有限公司,成都,"['带薪年假', '绩效奖金', '扁平管理', '定期体检']",150-500人,2018-03-07 14:59:05,高新区,本科,C轮,开发/测试/运维类,"电子商务,数据服务","五险一金,技术大牛,大数据,加班补贴","['软件开发', '大数据', 'Java']",中级Python工程师,10k-15k,3-5年,,
29,深圳虾皮信息科技有限公司,深圳,"['定期体检', '通讯津贴', '带薪年假', '绩效奖金']",2000人以上,2018-03-09 12:10:11,南山区,本科,上市公司,开发/测试/运维类,电子商务,东南亚跨境电商平台，发展非常迅速，求大牛,"['PHP', 'Ruby']",Python开发工程师（高级）,30k-50k,3-5年,,
30,深圳市和讯华谷信息技术有限公司,深圳,"['五险一金', '文体活动', '团建旅游', '美味晚餐']",150-500人,2018-03-09 11:24:27,南山区,本科,D轮及以上,技术,"移动互联网,数据服务",五险一金、14薪/年、下午茶、工作餐等等,"['云计算', 'linux', '云平台', 'django']",高级Python开发工程师,15k-25k,3-5年,,
31,深信服科技股份有限公司,深圳,"['三餐全包', '大牛超多', '年终奖超多', '大公司，稳定']",2000人以上,2018-03-08 10:14:44,南山区,本科,不需要融资,开发/测试/运维类,"信息安全,企业服务",扁平化管理 超多福利,"['高级', '中级', '初级', 'C/C++', 'linux']",Python开发工程师,10k-20k,不限,,
32,北京搜狗科技发展有限公司,北京,"['岗位晋升', '扁平管理', '管理规范', '精英团队']",2000人以上,2018-03-08 11:01:23,海淀区,本科,C轮,开发/测试/运维类,"移动互联网,数据服务",人工智能、最前沿技术能力、巨大成长空间,"['C++', 'Java', '算法']",搜狗AI云-Python开发工程师,15k-25k,1-3年,,
33,北京国双科技有限公司,深圳,"['年度旅游', '节日礼物', '年底双薪', '带薪年假']",500-2000人,2018-03-10 18:23:09,福田区,本科,上市公司,开发/测试/运维类,"数据服务,企业服务",大数据上市公司 福利待遇好 发展空间大,"['全栈', 'GO', 'linux', '运维']",高级python开发工程师,15k-20k,3-5年,,
34,掌阅科技股份有限公司,北京,"['专项奖金', '带薪年假', '年度旅游', '扁平管理']",500-2000人,2018-03-09 21:07:33,朝阳区,本科,不需要融资,技术,移动互联网,"管理扁平化,发展机会佳,薪资待遇好",['云计算'],Python研发工程师（中高级）,15k-25k,3-5年,,
35,北京字节跳动科技有限公司,北京,"['扁平管理', '弹性工作', '大厨定制三餐', '就近租房补贴']",2000人以上,2018-02-26 22:56:50,海淀区,本科,C轮,开发/测试/运维类,"移动互联网,数据服务",六险一金，高薪期权，弹性工作，免费三餐，租房补贴，带薪休假，扁平管理，职业大牛，晋升空间,['后端开发'],Python 研发工程师,25k-45k,3-5年,,
36,北京旷视科技有限公司,北京,"['科技大牛公司', '自助三餐', '年终多薪', '超长带薪假期']",500-2000人,2018-03-09 18:05:10,海淀区,本科,C轮,开发/测试/运维类,"移动互联网,硬件","人工智能,黑科技,大牛多","['Java', 'php', 'MySQL']",Python 高级开发工程师,20k-40k,3-5年,,
37,北京趣拿软件科技有限公司,北京,"['技能培训', '节日礼物', '带薪年假', '无息住房贷款']",2000人以上,2018-03-09 10:26:42,海淀区,本科,不需要融资,开发/测试/运维类,移动互联网,团队氛围融洽，帅哥美女多，年假多，年终奖,"['旅游', '软件开发', '大数据', '数据分析', '数据挖掘']",Python高级研发工程师-度假事业部(J11528),20k-40k,3-5年,,
38,青松智慧（北京）科技有限公司,郑州,"['股票期权', '带薪年假', '年度旅游', '扁平管理']",15-50人,2018-03-09 09:50:07,高新区,本科,B轮,开发/测试/运维类,"移动互联网,企业服务","五险一金,年度旅游,年度体检,餐补","['信息安全', '高级', '大数据', 'Java', '架构']",Python开发工程师,8k-10k,3-5年,,
39,北京优虎商务服务有限公司,北京,"['绩效奖金', '年底双薪', '带薪年假', '定期体检']",150-500人,2018-03-09 11:13:54,朝阳区,本科,B轮,开发/测试/运维类,"移动互联网,金融","带薪年假,六险一金,期权股票,大牛多多","['金融', '后端开发']",python开发工程师,20k-40k,1-3年,,
40,北京开拓天际科技有限公司,北京,"['年底双薪', '股票期权', '年终分红', '节日礼物']",50-150人,2018-03-10 10:02:36,海淀区,本科,A轮,开发/测试/运维类,"数据服务,信息安全","领导好,福利好,团队优秀",['django'],Python工程师,15k-23k,3-5年,,
41,高德软件有限公司,北京,"['弹性工作', '帅哥多', '美女多', '五险一金']",2000人以上,2018-02-24 14:33:21,朝阳区,本科,上市公司,开发/测试/运维类,移动互联网,阿里福利~,"['php', 'MySQL', 'golang']",python开发高级工程师,15k-30k,3-5年,,
42,北京小龙虾科技有限公司,北京,"['股票期权', '带薪年假', '扁平管理', '定期体检']",50-150人,2018-03-09 14:36:28,朝阳区,本科,B轮,开发/测试/运维类,"金融,数据服务","六险一金,灵活工作制,技术分享,晋升渠道","['金融', '信息安全', 'php', 'Java', 'docker']",Python系统开发工程师,15k-30k,1-3年,,
43,上海数禾信息科技有限公司,上海,"['股票期权', '通讯津贴', '交通补助', '午餐补助']",150-500人,2018-02-26 09:14:12,浦东新区,本科,不需要融资,技术,"移动互联网,金融",移动金融，未来金矿；精英团队，助力成长！,[],Python 开发工程师,10k-15k,1-3年,,
44,北京蚂蜂窝网络科技有限公司,北京,"['弹性工作', '扁平管理', '氛围好', '年度体检']",500-2000人,2018-03-10 18:50:15,朝阳区,本科,D轮及以上,开发/测试/运维类,"移动互联网,旅游",核心部门和岗位，股票期权,[],高级Python开发工程师,15k-30k,3-5年,,
45,深圳市和讯华谷信息技术有限公司,深圳,"['五险一金', '文体活动', '团建旅游', '美味晚餐']",150-500人,2018-03-09 11:24:27,南山区,本科,D轮及以上,技术,"移动互联网,数据服务",五险一金、14薪/年、下午茶、工作餐等等,[],Python开发工程师（中级）,10k-15k,1-3年,,
46,北京旷视科技有限公司,北京,"['科技大牛公司', '自助三餐', '年终多薪', '超长带薪假期']",500-2000人,2018-03-09 18:05:06,海淀区,本科,C轮,开发/测试/运维类,"移动互联网,硬件","人工智能,黑科技,大牛多","['专家', 'Java']",高级Python开发工程师,20k-40k,3-5年,,
47,北京国双科技有限公司,深圳,"['年度旅游', '节日礼物', '年底双薪', '带薪年假']",500-2000人,2018-03-09 09:53:36,福田区,本科,上市公司,开发/测试/运维类,"数据服务,企业服务",弹性工作制 上市公司 氛围好 空间大,"['云计算', '爬虫', '后端', '运维', 'Node.js']",资深python研发工程师（深圳）,15k-25k,3-5年,,
48,北京爱奇艺科技有限公司,上海,"['绩效奖金', '五险一金', '交通补助', '带薪年假']",2000人以上,2018-03-08 17:59:50,长宁区,本科,D轮及以上,开发/测试/运维类,"广告营销,文化娱乐",发展前景好,"['flask', 'golang', 'django']",Python高级开发工程师,18k-30k,3-5年,,
49,平安科技（深圳）有限公司,深圳,"['节日礼物', '年度旅游', '岗位晋升', '技能培训']",2000人以上,2018-03-08 15:52:25,福田区,本科,不需要融资,开发/测试/运维类,金融,世界500强，丰厚奖金,"['资深', '高级', 'C++', 'Java']",Python开发工程师（深圳）,15k-30k,3-5年,,
50,上海航仕企业管理有限公司,深圳,"['年底双薪', '午餐补助', '专项奖金', '绩效奖金']",150-500人,2018-03-11 10:09:49,南山区,本科,C轮,技术,"移动互联网,O2O",BAT的薪资福利待遇，更有技术大牛传授技术,[],Python开发,20k-35k,3-5年,,
51,掌阅科技股份有限公司,北京,"['专项奖金', '带薪年假', '年度旅游', '扁平管理']",500-2000人,2018-03-09 21:07:33,朝阳区,本科,不需要融资,开发/测试/运维类,移动互联网,"一带一,实践机会,成长空间大","['初级', 'php', 'Java']",Python研发工程师（应届毕业生/实习生）,8k-15k,不限,,
52,在线途游（北京）科技有限公司,北京,"['股票期权', '专项奖金', '五险一金', '带薪年假']",150-500人,2018-03-10 17:08:47,朝阳区,本科,B轮,开发/测试/运维类,"移动互联网,游戏","施展空间大,季度奖,年终奖","['云计算', '高级', '运维']",python开发工程师,15k-25k,3-5年,,
53,上海进馨网络科技有限公司,上海,"['股票期权', '岗位晋升', '扁平管理', '五险一金']",50-150人,2018-03-10 09:47:59,浦东新区,本科,B轮,技术,"移动互联网,教育",发展前景大、工作氛围好、技术牛人多,"['云计算', 'linux', 'php', 'Java', 'Ruby']",Python开发工程师,15k-25k,3-5年,,
54,北京一人一亩田网络科技有限公司,北京,"['节日礼物', '年底双薪', '专项奖金', '股票期权']",150-500人,2018-03-09 11:22:41,海淀区,本科,C轮,开发/测试/运维类,"移动互联网,电子商务","临近地铁,大牛团队,六险一金,年终奖","['大数据', '数据挖掘', '人工智能', '算法', '挖掘']",python开发工程师,20k-36k,3-5年,,
55,腾讯科技(深圳)有限公司,深圳,"['免费班车', '成长空间', '年度旅游', '岗位晋升']",2000人以上,2018-03-01 09:53:36,南山区,本科,上市公司,开发/测试/运维类,"移动互联网 ,游戏","五险一金,绩效奖金,带薪休假","['linux', '大数据', 'MySQL']",HY2-监控系统开发工程师-Python（深圳）,18k-30k,3-5年,,
56,武汉佰钧成技术有限责任公司,杭州,"['带薪年假', '计算机软件', '管理规范', '定期体检']",2000人以上,2018-03-09 16:46:14,西湖区,大专,不需要融资,开发/测试/运维类,移动互联网,"项目大,平台优,技术新,发展好","['云计算', '软件开发', '大数据', 'MySQL', '架构']",python开发,10k-20k,3-5年,,
57,长沙辰运软件有限公司,长沙,"['年底双薪', '技能培训', '绩效奖金', '年度旅游']",150-500人,2018-03-09 17:30:48,岳麓区,不限,不需要融资,开发/测试/运维类,移动互联网,"五险一金,年底双薪,交通补助,餐补",['云计算'],Python工程师,10k-15k,不限,,
58,上海帝联信息科技股份有限公司,南通,"['节日礼物', '技能培训', '带薪年假', '绩效奖金']",500-2000人,2018-03-09 14:27:40,崇川区,本科,D轮及以上,开发/测试/运维类,移动互联网,"领导好,有前景","['中级', 'linux']",python研发工程师,6k-11k,1-3年,,
59,上海海万信息科技股份有限公司,深圳,[],500-2000人,2018-03-11 13:07:08,福田区,本科,不需要融资,开发/测试/运维类,"移动互联网,金融","大平台,交通便利,环境优美,福利待遇好","['金融', 'linux', '数据分析', '数据挖掘', 'Djadgo']",Python工程师,10k-20k,1-3年,,
60,北京国双科技有限公司,北京,"['年度旅游', '节日礼物', '年底双薪', '带薪年假']",500-2000人,2018-03-09 09:53:37,海淀区,本科,上市公司,开发/测试/运维类,"数据服务,企业服务",上市公司 前景佳 氛围好 牛人多,['linux'],资深Python开发工程师（北京）,20k-30k,3-5年,,
61,武汉佰钧成技术有限责任公司,杭州,"['带薪年假', '计算机软件', '管理规范', '定期体检']",2000人以上,2018-03-09 11:24:04,余杭区,大专,不需要融资,开发/测试/运维类,移动互联网,"周末双休,六险一金,技术提升","['云计算', '资深', '高级', 'MySQL', 'redis']",python开发工程师,11k-20k,1-3年,,
62,光合新知（北京）科技有限公司,北京,"['产品领先行业', '关注学习本源', '明星跨界团队', '股票期权']",150-500人,2018-03-10 13:37:02,朝阳区,大专,C轮,开发/测试/运维类,"移动互联网,教育","年假15天,免费早午餐,弹性工作制,极客范儿","['教育', '高级', '中级', '服务器端', '全栈']",Python Web开发工程师,10k-20k,1-3年,,
63,北京慕华信息科技有限公司,北京,"['节日礼物', '股票期权', '带薪年假', '氛围轻松']",150-500人,2018-03-11 18:12:54,海淀区,本科,B轮,开发/测试/运维类,"移动互联网,教育","五险一金,餐补,生日会,优秀团队","['资深', '高级']",系统开发工程师（Python）,20k-30k,5-10年,,
64,北京春雨天下软件有限公司,北京,"['绩效奖金', '五险一金', '带薪年假', '定期体检']",150-500人,2018-03-08 18:24:13,海淀区,本科,C轮,技术,移动互联网,有挑战，自主加薪，技术氛围好,"['Java', 'redis', '移动医疗', '微服务', '服务器研发']",Python,20k-40k,3-5年,,
65,北京东方国信科技股份有限公司,北京,"['大数据软件', '技能培训', '节日礼物', '年底双薪']",2000人以上,2018-02-28 15:25:34,朝阳区,本科,上市公司,开发/测试/运维类,数据服务,"公司前景好,优秀团队,带薪年假",['后端开发'],Python开发工程师,18k-25k,5-10年,,
66,上海基分文化传播有限公司,上海,[],500-2000人,2018-03-11 16:13:48,浦东新区,大专,不需要融资,开发/测试/运维类,移动互联网,"平均16薪,技术驱动型,福利待遇好,发展空间大","['web', '架构师', '爬虫', '数据分析', '服务器端']",Python工程师,15k-30k,3-5年,,
67,北京云游九州空间科技有限公司,北京,"['股票期权', '专项奖金', '带薪年假', '定期体检']",15-50人,2018-03-11 10:49:41,海淀区,硕士,天使轮,开发/测试/运维类,数据服务、企业服务,"年度旅游,互联网平台,硬科技,弹性上班时","['地图', '算法', 'matlab', '地理信息系统']",Python工程师,10k-20k,1-3年,,
68,北京陌上花科技有限公司,北京,"['股票期权', '岗位晋升', '弹性工作', '绩效奖金']",50-150人,2018-03-09 10:30:06,海淀区,本科,B轮,开发/测试/运维类,移动互联网,"绩效奖金,弹性工作,技术大牛,晋升空间","['即时通讯', '资深', '高级', '中级', '后端开发']",Python开发工程师,15k-30k,3-5年,,
69,上海数禾信息科技有限公司,上海,"['股票期权', '通讯津贴', '交通补助', '午餐补助']",150-500人,2018-03-09 10:22:51,浦东新区,本科,不需要融资,开发/测试/运维类,"移动互联网,金融","移动金融,未来金矿,精英团队,助力成长","['金融', '软件开发']",Python 高级开发工程师,15k-30k,3-5年,,
70,万兴科技股份有限公司,深圳,"['股票期权', '骨干配车', '创业平台', '餐饮补助']",150-500人,2018-03-09 20:58:30,南山区,本科,B轮,开发/测试/运维类,移动互联网,"在线高并发,技术难度大,运维要求高","['Ruby', '系统架构', '系统开发']",Python开发工程师,10k-20k,3-5年,,
71,先花信息技术（北京）有限公司,北京,"['股票期权', '年底双薪', '带薪年假', '功夫熊按摩']",150-500人,2018-03-08 14:46:59,海淀区,不限,B轮,开发/测试/运维类,"移动互联网,金融","大牛云集,高速发展",[],Python中级工程师,15k-20k,3-5年,,
72,贵州电子商务云运营有限责任公司,贵阳,"['交通补助', '带薪年假', '绩效奖金', '通讯津贴']",50-150人,2018-03-09 17:02:14,观山湖区（金阳新区）,不限,未融资,开发/测试/运维类,"电子商务,数据服务","五险一金,餐补","['js', 'Java']",python工程师,10k-15k,不限,,
73,维我软件（上海）有限公司北京分公司,北京,"['行业领先', '超长年假', '年度旅游']",500-2000人,2018-03-07 18:24:04,朝阳区,本科,上市公司,开发/测试/运维类,"移动互联网,企业服务","纽交所上市,云计算,SaaS,生命科学","['云计算', '初级', 'web', 'Java']",Python开发,15k-20k,1-3年,,
74,西安逆袭网络科技有限公司,西安,"['扁平化管理', '弹性工作制', '健身福利', '设备补助']",50-150人,2018-02-27 14:31:28,雁塔区,本科,A轮,开发/测试/运维类,"移动互联网,社交网络","弹性工作,扁平管理,五险一金,健身福利","['MySQL', '数据库']",Python开发工程师,10k-20k,3-5年,,
75,北京国双科技有限公司,深圳,"['年度旅游', '节日礼物', '年底双薪', '带薪年假']",500-2000人,2018-03-09 09:53:37,福田区,本科,上市公司,开发/测试/运维类,"数据服务,企业服务",上市公司 前景佳 氛围好 牛人多,['linux'],资深Python工程师（深圳）,20k-30k,5-10年,,
76,北京慕华信息科技有限公司,北京,"['节日礼物', '股票期权', '带薪年假', '氛围轻松']",150-500人,2018-03-11 18:12:54,海淀区,本科,B轮,开发/测试/运维类,"移动互联网,教育","五险一金,餐补,生日会,优秀团队","['资深', '高级', 'linux', 'Java']",Python开发工程师,20k-30k,3-5年,,
77,北京摩尔妈咪网络科技有限公司,北京,"['年底双薪', '股票期权', '定期体检', '带薪年假']",15-50人,2018-03-09 13:34:32,朝阳区,本科,A轮,开发/测试/运维类,移动互联网,"高薪,氛围轻松,环境优越","['教育', 'php', 'Java']",Python开发工程师,20k-40k,1-3年,,
78,北京榆钱投资管理有限公司,武汉,"['技能培训', '带薪年假', '岗位晋升', '弹性工作']",150-500人,2018-03-09 09:52:57,武昌区,大专,A轮,技术,金融,"弹性工作,氛围好,福利好,前景好","['大数据', '爬虫', '搜索']",Python,10k-20k,1-3年,,
79,北京神州绿盟信息安全科技股份有限公司,西安,"['技能培训', '节日礼物', '股票期权', '带薪年假']",500-2000人,2018-03-09 09:15:08,雁塔区,本科,上市公司,开发/测试/运维类,信息安全,五险一金；弹性工作；餐补；定期体检,['信息安全'],python开发工程师,9k-15k,1-3年,,
80,杭州顺网科技股份有限公司,成都,"['技能培训', '节日礼物', '年度旅游', '岗位晋升']",500-2000人,2018-03-09 15:29:06,武侯区,本科,上市公司,开发/测试/运维类,"游戏,文化娱乐","上市公司,大数据,大平台,福利健全","['中级', 'php', 'Java']",Python开发工程师,9k-16k,3-5年,,
81,维我软件（上海）有限公司北京分公司,北京,"['行业领先', '超长年假', '年度旅游']",500-2000人,2018-03-07 17:57:38,朝阳区,本科,上市公司,开发/测试/运维类,"移动互联网,企业服务","纽交所上市,云计算,SaaS,生命科学","['云计算', '高级', '中级', 'web', 'Java']",Python软件开发工程师,15k-25k,3-5年,,
82,北京猎户星空科技有限公司,北京,"['年度旅游', '弹性工作', '领导好', '五险一金']",150-500人,2018-02-24 11:54:52,朝阳区,本科,A轮,开发/测试/运维类,"移动互联网,硬件",绩效奖金 午餐补助 年度旅游 人工智能领域,"['数据分析', '搜索/推荐/知识']",python开发工程师,15k-30k,不限,,
83,深圳佑驾创新科技有限公司,深圳,"['无人驾驶', '国际标准', '车厂合作', '海归团队']",50-150人,2018-03-10 10:29:36,南山区,本科,A轮,开发/测试/运维类,"硬件,其他","无人驾驶,车厂合作,扁平化管理,股票期权",[],python工程师,15k-30k,1-3年,,
84,上海道客网络科技有限公司,上海,"['工程师文化', '业界大牛', '改变世界', '豪华团队']",150-500人,2018-03-09 13:18:52,杨浦区,本科,A轮,开发/测试/运维类,"企业服务,数据服务","15天年假,5天病假,年终多薪,公司前景","['云计算', '软件开发', 'Java']",Python开发工程师,20k-40k,3-5年,,
85,北京爱咔咔信息技术有限公司,北京,"['年底双薪', '技术控', '股票期权', '带薪年假']",15-50人,2018-03-09 10:42:23,海淀区,本科,A轮,开发/测试/运维类,"移动互联网,O2O","北大团队,五百强大牛,期权奖励,专业培训","['C++', 'Java', 'c#']",Python工程师,15k-30k,3-5年,,
86,上海微麦电子商务发展有限公司,上海,"['五险一金', '带薪年假', '绩效奖金', '年终分红']",15-50人,2018-03-11 14:13:06,浦东新区,本科,A轮,开发/测试/运维类,"移动互联网,电子商务","牛人引领,不打卡,薪资高,氛围好",['电商'],python,10k-20k,1-3年,,
87,信达悦和资产管理（北京）有限公司,北京,"['年底双薪', '定期体检', '弹性工作', '领导好']",50-150人,2018-03-10 15:28:56,海淀区,本科,不需要融资,开发/测试/运维类,金融、移动互联网,"发展空间大,机遇挑战多,待遇优厚","['高级', '中级', '后端开发', '架构师', '全栈']",Python开发工程师,10k-20k,1-3年,,
88,北京深瞐科技有限公司,武汉,"['技能培训', '岗位晋升', '管理规范', '定期体检']",50-150人,2018-03-09 10:46:42,东湖新技术开发区,本科,B轮,开发/测试/运维类,信息安全、数据服务,五险一金，带薪年假，补贴,"['Java', 'MySQL']",Python 开发工程师,8k-12k,1-3年,,
89,广州玖维信息科技有限公司,广州,"['年底双薪', '专项奖金', '年终分红', '带薪年假']",150-500人,2018-03-11 18:22:41,海珠区,大专,上市公司,开发/测试/运维类,"移动互联网,数据服务","周末双休,五险一金,节日福利,房补餐补","['初级', '实习', '算法', '图像处理', '计算机视觉', '人工智能']",Python工程师,3k-5k,1年以下,,
90,北京国双科技有限公司,北京,"['年度旅游', '节日礼物', '年底双薪', '带薪年假']",500-2000人,2018-03-09 09:53:36,海淀区,本科,上市公司,开发/测试/运维类,"数据服务,企业服务",上市公司 前景佳 氛围好 牛人多,"['云计算', '全栈', 'Ruby', 'GO', 'php']",高级python研发工程师（北京）,15k-30k,3-5年,,
91,北京摩尔妈咪网络科技有限公司,北京,"['年底双薪', '股票期权', '定期体检', '带薪年假']",15-50人,2018-03-09 13:34:34,朝阳区,本科,A轮,开发/测试/运维类,移动互联网,"氛围轻松,成长空间大,有成就感","['教育', '资深', '高级', '中级', 'php']",Python工程师,15k-30k,1-3年,,
92,中科视拓（北京）科技有限公司,杭州,"['交通补助', '午餐补助', '扁平管理', '弹性工作']",50-150人,2018-03-09 14:24:22,滨江区,本科,A轮,开发/测试/运维类,企业服务,"大咖分享,补贴绩效奖,升职加薪快,团队氛围好","['node.js', 'php']",Python工程师,8k-16k,1-3年,,
93,深圳晶泰科技有限公司,深圳,"['节日礼物', '股票期权', '岗位晋升', '扁平管理']",50-150人,2018-03-09 10:49:52,福田区,本科,B轮,开发/测试/运维类,"企业服务,医疗健康","技术成长快,公司前景好,领导好","['云计算', 'OpenStack', '机器学习']",Python 算法工程师,18k-30k,3-5年,,
94,北京搜狗科技发展有限公司,北京,"['岗位晋升', '扁平管理', '管理规范', '精英团队']",2000人以上,2018-03-08 11:01:23,海淀区,本科,C轮,开发/测试/运维类,"移动互联网,数据服务",快速成长，感受全球氛围,"['大数据', 'Java']",搜狗海外输入法-Python高级开发工程师,20k-40k,3-5年,,
95,北京阿博茨科技有限公司,武汉,"['五天工作制', '带薪假期', '健康午餐', '体育课']",50-150人,2018-03-09 11:35:49,洪山区,本科,A轮,开发/测试/运维类,移动互联网,"人工智能,大数据,金融科技","['C++', 'Java', 'MySQL', '算法', '架构']",Python开发工程师,10k-20k,3-5年,,
96,金色家园网络科技有限公司,北京,"['节日礼物', '带薪年假', '绩效奖金', '管理规范']",2000人以上,2018-03-09 11:35:17,东城区,本科,不需要融资,技术,O2O,福利好，14薪,[],Python工程师,18k-30k,3-5年,,
97,上海淇毓信息科技有限公司,北京,"['年底双薪', '股票期权', '带薪年假', '定期体检']",500-2000人,2018-03-09 10:21:36,朝阳区,本科,未融资,开发/测试/运维类,"移动互联网,金融",核心业务，角色重要，成长空间大,"['高级', '中级']",Python开发工程师,20k-30k,3-5年,,
98,维我软件（上海）有限公司北京分公司,北京,"['行业领先', '超长年假', '年度旅游']",500-2000人,2018-03-07 17:57:38,朝阳区,本科,上市公司,开发/测试/运维类,"移动互联网,企业服务","纽交所上市,云计算,SaaS,生命科学","['云计算', '高级', 'web', 'Java', '架构']",Python,25k-35k,3-5年,,
99,广州玖维信息科技有限公司,广州,"['年底双薪', '专项奖金', '年终分红', '带薪年假']",150-500人,2018-03-11 18:22:40,海珠区,大专,上市公司,开发/测试/运维类,"移动互联网,数据服务","周末双休,五险一金,节日福利,房补餐补","['初级', '实习', '数据分析', 'Java', '测试']",Python开发工程师,3k-5k,1年以下,,
100,北京数美时代科技有限公司,北京,"['年底双薪', '大数据', '带薪年假', '通讯津贴']",150-500人,2018-03-09 17:43:34,朝阳区,硕士,B轮,开发/测试/运维类,"企业服务,数据服务","飞速发展,技术氛围浓,待遇好,发展快","['大数据', '数据挖掘']",python研发工程师,15k-30k,1年以下,,
101,北京零用钱科技有限公司,北京,"['年终分红', '股票期权', '五险一金', '带薪年假']",50-150人,2018-03-08 14:23:21,朝阳区,本科,不需要融资,开发/测试/运维类,"移动互联网,广告营销","一日四餐,六险一金,季度奖金,年度奖金","['服务器端', 'php', 'Java', 'MySQL']",Python,13k-16k,1-3年,,
102,智车优行科技（北京）有限公司,北京,"['股票期权', '午餐补助', '专项奖金', '定期体检']",150-500人,2018-03-09 10:06:40,朝阳区,本科,C轮,开发/测试/运维类,"移动互联网,硬件",五险一金 带薪年假 午餐补助 扁平管理,"['云计算', '大数据', '数据分析', '数据挖掘']",Python 开发工程师,15k-20k,3-5年,,
103,优识云创（北京）科技有限公司,北京,"['绩效奖金', '股票期权', '五险一金', '带薪年假']",50-150人,2018-03-11 16:54:45,海淀区,本科,B轮,开发/测试/运维类,移动互联网,"14薪,五险一金,地铁周边,扁平化管理","['后端开发', 'php', 'Java']",Python开发工程师,15k-25k,3-5年,,
104,北京智融时代科技有限公司,北京,"['股票期权', '绩效奖金', '五险一金', '带薪年假']",150-500人,2018-03-09 18:39:09,海淀区,本科,C轮,开发/测试/运维类,金融,"文化开放,弹性不打卡,发展快速,上升空间","['安全', 'Java', 'CRM']",Python开发工程师,20k-40k,3-5年,,
105,维我软件（上海）有限公司北京分公司,北京,"['行业领先', '超长年假', '年度旅游']",500-2000人,2018-03-07 18:19:31,朝阳区,本科,上市公司,开发/测试/运维类,"移动互联网,企业服务","纽交所上市,云计算,股票,年度旅游","['云计算', '中级', '后端开发', 'web', '架构']",Python工程师,20k-30k,3-5年,,
106,北京摩尔妈咪网络科技有限公司,北京,"['年底双薪', '股票期权', '定期体检', '带薪年假']",15-50人,2018-03-09 13:34:32,朝阳区,本科,A轮,开发/测试/运维类,移动互联网,"高薪,氛围轻松,成长空间大,背景好","['教育', '资深', '高级', '全栈', 'php']",Python开发工程师,30k-50k,3-5年,,
107,瞬联软件科技（北京）有限公司,上海,"['高薪', '节日礼物', '弹性工作', '带薪年假']",500-2000人,2018-03-11 09:35:10,长宁区,本科,不需要融资,开发/测试/运维类,"移动互联网 ,企业服务","五险一金,带薪年假,弹性工作,氛围自由","['linux', '后端开发', '通信']",Python软件开发工程师,10k-15k,1-3年,,
108,北京来也网络科技有限公司,北京,"['绩效奖金', '扁平管理', '领导好', '五险一金']",50-150人,2018-03-10 12:29:21,海淀区,本科,B轮,开发/测试/运维类,移动互联网,"人工智能,弹性工作,扁平管理,技术牛人","['后端开发', '服务器端']",Python开发工程师,15k-30k,1-3年,,
109,北京猎户星空科技有限公司,北京,"['年度旅游', '弹性工作', '领导好', '五险一金']",150-500人,2018-03-09 21:49:39,朝阳区,本科,A轮,开发/测试/运维类,"移动互联网,硬件",牛人云集，优质福利,"['智能硬件', 'php', 'Java', '后端']",Python开发工程师,18k-35k,3-5年,,
110,海南元游信息技术有限公司广州分公司,广州,"['年终分红', '包餐', '五险一金', '绩效奖金']",150-500人,2018-03-09 19:59:45,天河区,本科,不需要融资,开发/测试/运维类,游戏,"包餐,加班费,六险一金,绩效奖","['游戏', '中级', '爬虫', '后端', 'Node.js']",Python开发工程师,8k-15k,1-3年,,
111,厦门视我科技有限公司,厦门,"['年底双薪', '专项奖金', '带薪年假', '午餐补助']",15-50人,2018-03-09 09:32:23,思明区,本科,不需要融资,开发/测试/运维类,"移动互联网,电子商务","弹性工作,扁平管理,家属福利,五险一金","['云计算', '资深', '大数据', 'Java']",Python工程师,10k-20k,3-5年,,
112,深圳众禄基金销售股份有限公司,深圳,"['股票期权', '绩效奖金', '带薪年假', '通讯津贴']",150-500人,2018-03-08 10:41:11,罗湖区,大专,上市公司,开发/测试/运维类,"移动互联网,金融","团队氛围,高速发展,互联网金融,五险一金","['金融', '信息安全', 'php', 'Java', 'web']",Python开发工程师,18k-25k,3-5年,,
113,上海海万信息科技股份有限公司,上海,[],500-2000人,2018-03-05 11:28:47,浦东新区,大专,不需要融资,开发/测试/运维类,"移动互联网,金融","五险一金,过节费,旅游,体检",['Java'],Python工程师,8k-15k,3-5年,,
114,广州玖维信息科技有限公司,广州,"['年底双薪', '专项奖金', '年终分红', '带薪年假']",150-500人,2018-03-10 16:09:44,天河区,大专,上市公司,开发/测试/运维类,"移动互联网,数据服务","双休,提成,五险一金,带薪休假","['初级', '实习', 'linux', 'Java']",Python开发工程师,4k-6k,1年以下,,
115,北京数美时代科技有限公司,北京,"['年底双薪', '大数据', '带薪年假', '通讯津贴']",150-500人,2018-03-09 17:43:29,朝阳区,本科,B轮,开发/测试/运维类,"企业服务,数据服务","飞速发展,发展快,海量数据","['大数据', '数据挖掘']",python研发工程师,15k-30k,1-3年,,
116,北京神州绿盟信息安全科技股份有限公司,西安,"['技能培训', '节日礼物', '股票期权', '带薪年假']",500-2000人,2018-03-09 09:15:09,雁塔区,本科,上市公司,开发/测试/运维类,信息安全,五险一金；弹性工作；餐补；定期体检,"['信息安全', 'Java']",python开发工程师,8k-10k,3-5年,,
117,贝壳金控控股集团有限公司,成都,"['专项奖金', '年终分红', '定期体检', '绩效奖金']",500-2000人,2018-03-08 10:46:32,高新区,本科,未融资,开发/测试/运维类,金融、移动互联网,业务发展前景好，团队技术氛围浓厚,['系统设计'],高级Python工程师-CD2818,15k-25k,3-5年,,
118,上海众言网络科技有限公司,苏州,"['技能培训', '节日礼物', '年底双薪', '绩效奖金']",150-500人,2018-03-07 20:26:17,工业园区,本科,B轮,开发/测试/运维类,移动互联网,"带薪年假,五险一金,期权奖励,定期体检","['后端开发', '全栈', 'php', 'Java', 'web']",Python开发,15k-25k,3-5年,,
119,北京思源置地投资有限公司,北京,"['股票期权', '带薪年假', '绩效奖金', '岗位晋升']",2000人以上,2018-03-06 11:39:16,朝阳区,本科,不需要融资,开发/测试/运维类,"移动互联网,社交网络","云,大数据,AI","['云计算', '信息安全', '高级', '大数据', 'OpenStack']",python,20k-30k,5-10年,,
120,维我软件（上海）有限公司北京分公司,北京,"['行业领先', '超长年假', '年度旅游']",500-2000人,2018-03-07 18:17:35,朝阳区,本科,上市公司,开发/测试/运维类,"移动互联网,企业服务","纽交所上市,云计算,SaaS,生命科学","['云计算', '初级', '后端开发', 'web', '架构']",Python工程师,15k-20k,1-3年,,
121,深圳众禄基金销售股份有限公司,深圳,"['股票期权', '绩效奖金', '带薪年假', '通讯津贴']",150-500人,2018-03-08 10:41:09,罗湖区,本科,上市公司,开发/测试/运维类,"移动互联网,金融","新三板挂牌,团队氛围,金融中心","['金融', '信息安全', '中级', 'php', 'web']",Python开发工程师,18k-25k,1-3年,,
122,北京博智天下信息技术有限公司,北京,"['扁平管理', '定期体检', '股票期权', '团建活动']",150-500人,2018-03-05 15:44:16,海淀区,本科,B轮,开发/测试/运维类,教育,"出国旅游,免费健身,股票期权,带薪年假","['php', 'Java', 'web']",Python开发工程师,20k-40k,5-10年,,
123,广州玖维信息科技有限公司,广州,"['年底双薪', '专项奖金', '年终分红', '带薪年假']",150-500人,2018-03-10 16:09:44,天河区,大专,上市公司,开发/测试/运维类,"移动互联网,数据服务","双休,提成,带薪休假,五险一金","['初级', '实习', 'linux', 'Java']",Python软件开发工程师,4k-6k,1年以下,,
124,北京智分科技有限公司,北京,"['年底双薪', '免费两餐', 'Geek范', '免费健身']",50-150人,2018-03-10 10:57:56,海淀区,本科,不需要融资,开发/测试/运维类,移动互联网,"Geek范,清华系,福利待遇好,股票期权","['资深', '后端开发', '服务器端']",高级Python开发工程师,25k-45k,3-5年,,
125,武汉极意网络科技有限公司,武汉,"['股票期权', '绩效奖金', '交通补助', '带薪年假']",50-150人,2018-03-09 14:57:25,,不限,B轮,技术,"信息安全,数据服务",双休+弹性工作制+五险一金+餐补,['工具软件'],Python（极验验证）,9k-18k,3-5年,,
126,北京摩尔妈咪网络科技有限公司,北京,"['年底双薪', '股票期权', '定期体检', '带薪年假']",15-50人,2018-03-09 13:34:34,朝阳区,本科,A轮,开发/测试/运维类,移动互联网,"技术大牛,0-1项目,技术驱动,创业氛围","['教育', '专家', '资深', 'Java']",高级Python工程师,25k-50k,3-5年,,
127,北京磁力信科技有限公司,北京,"['年底双薪', '带薪年假', '成长基金', '定期体检']",15-50人,2018-03-09 12:58:12,朝阳区,不限,不需要融资,开发/测试/运维类,"教育,移动互联网","项目前景好,技术氛围好,餐补房补,成长基金","['php', 'Java']",Python 开发工程师,14k-28k,3-5年,,
128,智线云科技（北京）有限公司,廊坊,"['绩效奖金', '股票期权', '带薪年假', '弹性工作']",50-150人,2018-03-09 10:33:57,广阳区,本科,A轮,开发/测试/运维类,"移动互联网,数据服务","五险一金,带薪年假","['Java', '分布式', '架构']",Python中级工程师,8k-10k,1-3年,,
129,北京字节跳动科技有限公司,北京,"['扁平管理', '弹性工作', '大厨定制三餐', '就近租房补贴']",2000人以上,2018-03-08 10:58:45,海淀区,本科,C轮,开发/测试/运维类,"移动互联网,数据服务",六险一金，高薪期权，弹性工作，免费三餐，租房补贴，休闲下午茶，扁平管理，团队氛围好，优厚薪资,['后端开发'],python开发工程师,25k-50k,3-5年,,
130,上海华瑞银行股份有限公司,上海,"['绩效奖金', '扁平管理', '领导好', '美女多']",150-500人,2018-03-05 18:31:02,浦东新区,本科,不需要融资,开发/测试/运维类,金融,"六险两金,年度体检,绩效奖金,渠道晋升","['银行', 'node.js', 'Java']",Python开发工程师,20k-40k,3-5年,,
131,凡普金科企业发展（上海）有限公司,北京,"['年底双薪', '节日礼物', '技能培训', '带薪年假']",2000人以上,2018-03-09 10:58:08,东城区,本科,不需要融资,开发/测试/运维类,金融,"六险一金,数据驱动,敏捷开发,行业风口","['云计算', '分布式', 'redis']",Python工程师,25k-35k,3-5年,,
132,普信恒业科技发展（北京）有限公司,北京,"['管理规范', '技能培训', '扁平管理', '弹性工作']",2000人以上,2018-03-09 14:11:02,朝阳区,本科,上市公司,开发/测试/运维类,金融,"发展空间大,技术氛围好,薪资福利好,带薪年假","['高级', 'php', 'MySQL']",Python研发工程师,25k-40k,5-10年,,
133,北京思维造物信息科技有限公司,北京,"['专项奖金', '扁平管理', '帅哥多', '领导好']",150-500人,2018-03-09 11:30:55,朝阳区,本科,B轮,开发/测试/运维类,"移动互联网,文化娱乐","六险一金,年度体检,弹性工作,大咖云集","['php', 'Java', 'web']",Python开发,15k-30k,1-3年,,
134,北京启明合心科技有限公司,北京,"['扁平管理', '最优秀的伙伴', '弹性工作', '公司午晚餐']",15-50人,2018-03-08 16:52:05,海淀区,本科,A轮,技术,"移动互联网,教育","大数据处理,自由度大,有挑战,公司午晚餐","['大数据', '后端']",Python开发工程师,20k-35k,1-3年,,
135,广州玖维信息科技有限公司,广州,"['年底双薪', '专项奖金', '年终分红', '带薪年假']",150-500人,2018-03-10 16:09:44,天河区,大专,上市公司,开发/测试/运维类,"移动互联网,数据服务","双休,提成,带薪休假,五险一金","['初级', '实习', 'linux', 'Java']",Python软件开发工程师,4k-6k,1年以下,,
136,维我软件（上海）有限公司北京分公司,北京,"['行业领先', '超长年假', '年度旅游']",500-2000人,2018-03-07 18:17:35,朝阳区,本科,上市公司,开发/测试/运维类,"移动互联网,企业服务","纽交所上市,云计算,SaaS,股票","['云计算', '高级', '后端开发', 'web', 'Java']",Python开发工程师,20k-30k,3-5年,,
137,北京启明合心科技有限公司,北京,"['扁平管理', '最优秀的伙伴', '弹性工作', '公司午晚餐']",15-50人,2018-03-08 16:52:05,海淀区,本科,A轮,技术,"移动互联网,教育","大数据处理,自由度大,有挑战,公司午晚餐","['大数据', '后端']",Python开发工程师,20k-35k,1-3年,,
138,互动峰科技(北京)有限公司,北京,"['五险一金', '带薪年假', '绩效奖金', '专项奖金']",500-2000人,2018-03-08 20:19:49,朝阳区,本科,D轮及以上,开发/测试/运维类,医疗健康,"大公司,大平台,机会多,六险一金","['云计算', 'linux', '运维']",Python工程师,18k-35k,不限,,
139,联想（北京）有限公司,北京,"['技能培训', '待遇优厚', '晋升空间', '五险一金']",2000人以上,2018-03-08 11:00:38,海淀区,本科,上市公司,开发/测试/运维类,"移动互联网,数据服务","发展空间大,技术氛围好","['linux', 'Opensta']",Python开发工程师,20k-40k,5-10年,,
140,苏州锦佰安信息技术有限公司,苏州,"['股票期权', '弹性工作', '带薪年假', '绩效奖金']",15-50人,2018-03-07 11:45:53,工业园区,本科,天使轮,开发/测试/运维类,信息安全,"人工智能,前景广阔,福利齐全,技术领先",['linux'],Python开发工程师,12k-24k,3-5年,,
141,超对称（北京）科技有限公司,北京,"['股票期权', '带薪年假', '弹性工作', '五险一金']",15-50人,2018-03-05 20:38:25,朝阳区,本科,A轮,开发/测试/运维类,"移动互联网,企业服务","五险一金,每周运动,无限量零食,好老板","['后端', '算法', '数据结构']",Python开发工程师,12k-20k,1-3年,,
142,瞬联软件科技（北京）有限公司,上海,"['高薪', '节日礼物', '弹性工作', '带薪年假']",500-2000人,2018-02-27 13:03:25,长宁区,本科,不需要融资,开发/测试/运维类,"移动互联网 ,企业服务",五险一金、弹性工作制、带薪年假、内部培训,"['后端开发', '自动化']",python开发工程师,10k-15k,不限,,
143,智线云科技（北京）有限公司,廊坊,"['绩效奖金', '股票期权', '带薪年假', '弹性工作']",50-150人,2018-03-09 10:34:00,广阳区,本科,A轮,开发/测试/运维类,"移动互联网,数据服务","五险一金,补充医疗险,房租补贴,带薪年假","['Java', '分布式', '架构']",Python中级工程师,8k-15k,1-3年,,
144,厦门市咕啦电子商务有限责任公司,厦门,"['带薪年假', '岗位晋升', '扁平管理', '领导好']",150-500人,2018-03-05 12:38:58,思明区,大专,A轮,开发/测试/运维类,电子商务,"五险一金,调薪调岗,福利待遇优,周末双休",[],Python开发,6k-10k,1-3年,,
145,武汉北蚁网络科技有限公司,武汉,"['年底双薪', '绩效奖金', '休闲餐点', '五险一金']",50-150人,2018-03-10 16:55:28,东湖新技术开发区,大专,不需要融资,开发/测试/运维类,"电子商务,移动互联网","五险一金,员工旅游,休闲餐点,扁平管理","['信息安全', '电商', 'linux', 'MySQL', '架构']",python工程师,8k-10k,3-5年,,
146,北京智者天下科技有限公司,北京,"['年底双薪', '股票期权', '带薪年假', '定期体检']",150-500人,2018-03-10 10:54:26,海淀区,本科,D轮及以上,开发/测试/运维类,"移动互联网,社交网络",薪资优厚、氛围宽松、每日三餐、六险一金,"['高级', 'Java', '架构']",Python开发工程师,15k-30k,3-5年,,
147,紫梧桐（北京）资产管理有限公司,北京,"['技能培训', '年底双薪', '股票期权', '带薪年假']",500-2000人,2018-03-09 21:11:56,东城区,本科,A轮,开发/测试/运维类,O2O,领导nice，发展空间大，六险一金,['算法'],python工程师,15k-30k,3-5年,,
148,上海道客网络科技有限公司,上海,"['工程师文化', '业界大牛', '改变世界', '豪华团队']",150-500人,2018-03-09 13:18:50,杨浦区,本科,A轮,开发/测试/运维类,"企业服务,数据服务","15天年假,技术大牛,年终多薪,豪华团队","['云计算', '高级']",Python研发工程师,15k-30k,3-5年,,
149,北京一览科技有限公司,北京,"['股票期权', '弹性工作', '领导好', '扁平管理']",150-500人,2018-03-09 11:41:22,朝阳区,本科,B轮,开发/测试/运维类,"移动互联网,文化娱乐",福利优厚,"['视频', '资深', '高级', '中级', '软件开发', '大数据']",python开发工程师,20k-40k,3-5年,,
150,维我软件（上海）有限公司北京分公司,北京,"['行业领先', '超长年假', '年度旅游']",500-2000人,2018-03-07 17:57:38,朝阳区,本科,上市公司,开发/测试/运维类,"移动互联网,企业服务","纽交所上市,云计算,SaaS,生命科学","['云计算', '资深', '高级', '中级', 'web']",Software Engineer -Python,25k-35k,3-5年,,
151,苏州锦佰安信息技术有限公司,苏州,"['股票期权', '弹性工作', '带薪年假', '绩效奖金']",15-50人,2018-03-07 11:45:53,工业园区,本科,天使轮,开发/测试/运维类,信息安全,"人工智能,前景广阔,福利齐全,技术领先","['linux', 'twisted']",Python开发工程师,12k-24k,3-5年,,
152,上海众言网络科技有限公司,上海,"['技能培训', '节日礼物', '年底双薪', '绩效奖金']",150-500人,2018-03-09 10:57:17,徐汇区,本科,B轮,开发/测试/运维类,移动互联网,"五险一金,季度旅游,生日会,带薪年假","['后端开发', 'Java', 'redis']",Python开发,12k-24k,3-5年,,
153,北京点石经纬科技有限公司,北京,"['五险一金', '带薪年假', '节日礼物', '年度旅游']",150-500人,2018-03-09 10:45:51,海淀区,本科,B轮,开发/测试/运维类,"移动互联网,教育","大牛多,平台好,待遇好,流程规范","['tornado', 'flask']",Python工程师,15k-25k,3-5年,,
154,成都捷云智慧科技有限公司,成都,[],15-50人,2018-03-09 09:31:18,高新区,本科,不需要融资,开发/测试/运维类,移动互联网,"绩效奖金,带薪年假","['云计算', 'node.js', 'django']",Python,8k-12k,1-3年,,
155,上海坤亿信息技术有限公司,上海,"['绩效奖金', '管理规范', '五险一金', '交通补助']",50-150人,2018-03-08 11:45:50,浦东新区,本科,不需要融资,开发/测试/运维类,"电子商务,企业服务","五险一金,周末双休,弹性工作,绩效奖金",[],Python软件开发工程师,15k-18k,3-5年,,
156,会找房（北京）网络技术有限公司,北京,"['节日礼物', '股票期权', '带薪年假', '年度旅游']",150-500人,2018-03-08 10:54:59,海淀区,本科,C轮,开发/测试/运维类,移动互联网、金融,"股票期权,弹性工作制,行业龙头,地铁周边","['信息安全', '高级', '中级', 'php', 'MySQL']",python开发工程师,15k-30k,3-5年,,
157,武汉佰钧成技术有限责任公司,杭州,"['带薪年假', '计算机软件', '管理规范', '定期体检']",2000人以上,2018-03-07 07:44:06,西湖区,大专,不需要融资,开发/测试/运维类,移动互联网,"平台好,技术新,大牛多","['云计算', '高级', 'linux', 'MySQL']",Python开发工程师,11K-22K,1-3年,,
158,上海海万信息科技股份有限公司,上海,[],500-2000人,2018-03-09 13:10:10,浦东新区,大专,不需要融资,开发/测试/运维类,"移动互联网,金融","年终奖,过节费,旅游,体检",[],python工程师,8k-15k,1-3年,,
159,深圳市健康阿鹿信息科技有限公司,深圳,"['年底双薪', '交通补助', '带薪年假', '午餐补助']",50-150人,2018-03-11 15:16:38,南山区,大专,不需要融资,开发/测试/运维类,"移动互联网,医疗健康","上市公司,实力雄厚,人性化管理,福利众多","['专家', '总监', '资深', 'php', 'Java']",Python工程师,15k-25k,1-3年,,
160,北京思维造物信息科技有限公司,北京,"['专项奖金', '扁平管理', '帅哥多', '领导好']",150-500人,2018-03-09 11:30:56,朝阳区,不限,B轮,开发/测试/运维类,"移动互联网,文化娱乐","六险一金,大咖云集",[],Python开发工程师,15k-30k,不限,,
161,深圳市和讯华谷信息技术有限公司,深圳,"['五险一金', '文体活动', '团建旅游', '美味晚餐']",150-500人,2018-03-09 11:24:26,南山区,本科,D轮及以上,开发/测试/运维类,"移动互联网,数据服务","D轮+,14薪+,攻城狮氛围,牛掰团队","['web', '大数据', 'Java']",极光调研 - 高级 Python 工程师,18k-35k,3-5年,,
162,深圳呗佬智能有限公司,深圳,[],15-50人,2018-03-08 14:00:10,南山区,大专,A轮,开发/测试/运维类,移动互联网,"硅谷技术,AI领域","['云计算', '大数据', 'Java']",python开发工程师,15k-30k,3-5年,,
163,昆明俊云科技有限公司,成都,"['技能培训', '股票期权', '绩效奖金', '岗位晋升']",50-150人,2018-03-08 10:24:55,高新区,本科,不需要融资,开发/测试/运维类,"移动互联网,硬件","百万级产品,高薪资,六险一金,氛围轻松","['旅游', '游戏', '文化娱乐', '游戏开发', 'php']",python开发工程师,12k-15k,3-5年,,
164,北京字节跳动科技有限公司,北京,"['扁平管理', '弹性工作', '大厨定制三餐', '就近租房补贴']",2000人以上,2018-03-11 19:37:57,海淀区,本科,C轮,开发/测试/运维类,"移动互联网,数据服务",六险一金，弹性工作，免费三餐，租房补贴，带薪休假，休闲下午茶，扁平管理，健身瑜伽，过亿用户，职业大牛，晋升空间，团队氛围好，优厚薪资,['后端开发'],Python开发工程师,20k-35k,1-3年,,
165,维我软件（上海）有限公司北京分公司,北京,"['行业领先', '超长年假', '年度旅游']",500-2000人,2018-03-07 18:19:31,朝阳区,本科,上市公司,开发/测试/运维类,"移动互联网,企业服务","纽交所上市,SaaS,生命科学,CRM","['资深', '后端开发', 'web']",高级工程师-Python,25k-35k,5-10年,,
166,上海坤亿信息技术有限公司,上海,"['绩效奖金', '管理规范', '五险一金', '交通补助']",50-150人,2018-02-26 13:48:08,浦东新区,本科,不需要融资,开发/测试/运维类,"电子商务,企业服务",弹性工作 大型美资企业,['软件开发'],python开发工程师,14K-20K,5-10年,,
167,会找房（北京）网络技术有限公司,北京,"['节日礼物', '股票期权', '带薪年假', '年度旅游']",150-500人,2018-02-23 12:06:22,海淀区,本科,C轮,技术,移动互联网、金融,"行业领先,激情团队,扁平化管理,团队氛围好",[],Python,15K-25K,3-5年,,
168,上海众言网络科技有限公司,上海,"['技能培训', '节日礼物', '年底双薪', '绩效奖金']",150-500人,2018-03-09 10:57:17,徐汇区,本科,B轮,开发/测试/运维类,移动互联网,"五险一金,季度旅游,节日福利,带薪年假","['Java', 'redis', '架构']",Python开发师,12k-24k,3-5年,,
169,上海海万信息科技股份有限公司,深圳,[],500-2000人,2018-03-10 15:30:23,福田区,大专,不需要融资,开发/测试/运维类,"移动互联网,金融","发展平台,团队合作,五险一金,法定节假日","['金融', '爬虫', 'django']",Python开发工程师,9k-16k,1-3年,,
170,北京果壳互动科技传媒有限公司,北京,"['技能培训', '年度旅游', '岗位晋升', '家庭式三餐']",150-500人,2018-03-09 13:12:34,朝阳区,本科,C轮,开发/测试/运维类,"移动互联网,社交网络",成长空间 五险一金 补充医疗 包三餐,"['社交', '后端开发']",Python后端工程师,10k-20k,不限,,
171,联想（北京）有限公司,北京,"['技能培训', '待遇优厚', '晋升空间', '五险一金']",2000人以上,2018-03-08 12:00:53,海淀区,本科,上市公司,开发/测试/运维类,"移动互联网,数据服务",平台好 福利待遇优厚,[],Python开发工程师,17k-18k,3-5年,,
172,重庆博尼施科技有限公司,重庆,"['技能培训', '年底双薪', '绩效奖金', '高速增长']",15-50人,2018-03-07 09:22:52,渝中区,本科,不需要融资,技术,移动互联网,公分旅游，13薪+奖金，五险一金，成长期,"['旅游', '移动互联网', 'Java', '服务器端']",Python研发工程师,6k-10k,1-3年,,
173,北京优帆科技有限公司,武汉,"['技能培训', '股票期权', '带薪年假', '绩效奖金']",150-500人,2018-03-06 17:22:04,洪山区,本科,D轮及以上,开发/测试/运维类,数据服务,"大牛团队,工程师文化,公司上升期","['云计算', '后端开发', 'OpenStack']",Python 研发工程师,12k-24k,1-3年,,
174,武汉北蚁网络科技有限公司,武汉,"['年底双薪', '绩效奖金', '休闲餐点', '五险一金']",50-150人,2018-03-10 16:55:23,东湖新技术开发区,大专,不需要融资,开发/测试/运维类,"电子商务,移动互联网","五险一金,休闲餐点,员工聚餐","['云计算', '资深', 'Java', 'golang']",Python高级开发工程师,10k-15k,5-10年,,
175,北京复华卓越商业管理有限公司,北京,"['通讯津贴', '午餐补助', '美女多', '领导好']",2000人以上,2018-03-09 15:42:39,朝阳区,大专,不需要融资,开发/测试/运维类,"电子商务,O2O",提升空间大,"['广告营销', '大数据', '数据挖掘', '算法']",Python开发工程师,15k-30k,5-10年,,
176,创新工场（北京）企业管理股份有限公司,北京,"['绩效奖金', '带薪年假', '通讯津贴', '年终分红']",50-150人,2018-03-09 15:18:59,海淀区,本科,未融资,开发/测试/运维类,移动互联网,"谷歌大牛,商业资源,成长空间大,人工智能","['中级', '后端开发', 'C/C++', 'Postgres']",python开发工程师,15k-30k,1-3年,,
177,北京好巧国际旅行社有限公司,北京,"['五险一金', '弹性工作', '扁平管理', '百万医疗']",150-500人,2018-03-09 13:52:45,朝阳区,本科,B轮,开发/测试/运维类,数据服务,"带薪年假,五险一金,弹性工作,股票期权",[],python工程师,15k-20k,3-5年,,
178,顺丰科技有限公司,深圳,"['技能培训', '节日礼物', '带薪年假', '岗位晋升']",500-2000人,2018-03-08 18:19:30,南山区,本科,不需要融资,开发/测试/运维类,"移动互联网,电子商务","开发,能力论英雄","['云计算', 'linux']",Python开发,20k-30k,3-5年,,
179,成都市肆零肆网络科技有限公司,成都,"['弹性工作', '帅哥多', '节日礼物', '管理规范']",15-50人,2018-03-08 16:33:10,武侯区,本科,未融资,开发/测试/运维类,"信息安全,数据服务","双休,六险一金,无限饮料,内部交流","['node.js', 'flask', 'django']",Python开发,10k-15k,1-3年,,
180,联想（北京）有限公司,北京,"['技能培训', '待遇优厚', '晋升空间', '五险一金']",2000人以上,2018-03-08 12:00:55,海淀区,本科,上市公司,开发/测试/运维类,"移动互联网,数据服务",大平台，发展前景好,['web'],python开发工程师,13k-20k,3-5年,,
181,宽拓（北京）科技有限公司,北京,"['技能培训', '节日礼物', '带薪年假', '年度旅游']",50-150人,2018-03-06 18:35:19,西城区,本科,A轮,开发/测试/运维类,"移动互联网,金融","人工智能,对接美国,不打卡,西直门地铁","['理财', '机器学习', '深度学习', '人工智能', '科学家', '建模']",Python,20k-40k,3-5年,,
182,北京新工场投资顾问有限公司,北京,"['年底双薪', '节日礼物', '技能培训', '绩效奖金']",50-150人,2018-03-09 11:57:09,朝阳区,本科,A轮,技术,"移动互联网,金融",互联网金融 无天花板 六险一金 期权激励,['golang'],高级python开发工程师,15k-30k,1-3年,,
183,深圳市乐易网络有限公司,深圳,"['技术大牛', '高逼格环境', '两次年度旅游', '福利倍儿好']",150-500人,2018-03-09 11:38:46,南山区,本科,A轮,开发/测试/运维类,"移动互联网,游戏","海外手游,高配团队,两次调薪,年终奖","['高级', '后端开发', '数据分析', '服务器端', '全栈']",Python,15k-30k,3-5年,,
184,北京优虎商务服务有限公司,北京,"['绩效奖金', '年底双薪', '带薪年假', '定期体检']",150-500人,2018-03-09 10:37:59,朝阳区,本科,B轮,开发/测试/运维类,"移动互联网,金融","六险一金,绩效奖金,发展空间大,股票期权","['高级', '中级', 'php', 'MySQL']",Python开发工程师,20k-35k,1-3年,,
185,北京九州云动科技有限公司,北京,"['技能培训', '专项奖金', '带薪年假', '绩效奖金']",50-150人,2018-03-09 09:40:50,东城区,本科,B轮,开发/测试/运维类,"移动互联网,电子商务",海量数据、氛围轻松、项目奖金,"['高级', '数据分析', 'Java']",Python,15k-30k,1-3年,,
186,昆明俊云科技有限公司,成都,"['技能培训', '股票期权', '绩效奖金', '岗位晋升']",50-150人,2018-03-08 10:24:56,高新区,本科,不需要融资,开发/测试/运维类,"移动互联网,硬件","高薪资,丰厚年终奖,期权,百万级产品","['旅游', '游戏', '文化娱乐', 'php', 'Java']",Python开发工程师,8k-12k,1-3年,,
187,北京中铁信科技有限公司,北京,"['带薪年假', '绩效奖金', '年度旅游', '定期体检']",50-150人,2018-03-10 18:27:30,海淀区,本科,不需要融资,开发/测试/运维类,其他,前景好，平台广阔，福利完善,"['linux', 'Go']",Python 中级研发工程师,15k-30k,3-5年,,
188,深圳市盖威科技有限公司,深圳,"['绩效奖金', '五险一金', '交通补助', '带薪年假']",150-500人,2018-03-09 10:07:26,南山区,本科,不需要融资,开发/测试/运维类,金融,福利待遇好,"['linux', 'C++']",Python开发工程师,14k-20k,3-5年,,
189,上海基分文化传播有限公司,上海,[],500-2000人,2018-03-08 21:52:17,浦东新区,大专,不需要融资,开发/测试/运维类,移动互联网,"平均15薪,餐补,六险一金",['爬虫'],Python开发工程师,20k-35k,3-5年,,
190,维我软件（上海）有限公司北京分公司,北京,"['行业领先', '超长年假', '年度旅游']",500-2000人,2018-03-07 18:19:31,朝阳区,本科,上市公司,开发/测试/运维类,"移动互联网,企业服务","纽交所上市,云计算,SaaS,生命科学","['云计算', '后端开发', 'web', '项目管理', 'ERP']",软件工程师 - Python,15k-25k,3-5年,,
191,成都数联铭品科技有限公司,成都,"['带薪年假', '绩效奖金', '扁平管理', '定期体检']",150-500人,2018-03-07 14:59:06,高新区,硕士,C轮,开发/测试/运维类,"电子商务,数据服务","五险一金,技术大牛,大数据,加班补贴","['数据分析', '数据挖掘']",算法工程师（python）,8k-16k,不限,,
192,上海果雪信息科技有限公司,上海,"['年底双薪', '带薪年假', '午餐补助', '通讯津贴']",50-150人,2018-03-07 14:37:02,闵行区,本科,A轮,开发/测试/运维类,移动互联网,"技术牛,福利好,氛围好,老板牛","['云计算', '电商', '中级', '软件开发', 'Ruby']",Python 工程师,15k-30k,3-5年,,
193,深圳晶泰科技有限公司,北京,"['节日礼物', '股票期权', '岗位晋升', '扁平管理']",50-150人,2018-03-05 17:48:39,海淀区,本科,B轮,开发/测试/运维类,"企业服务,医疗健康","工作居住证,五险一金,带薪年假,MIT大牛","['信息安全', '大数据', 'php', 'Java']",Python后台开发,10k-18k,1-3年,,
194,北京陌上花科技有限公司,北京,"['股票期权', '岗位晋升', '弹性工作', '绩效奖金']",50-150人,2018-03-09 10:30:07,海淀区,本科,B轮,开发/测试/运维类,移动互联网,"股票期权,绩效奖金,晋升空间,技术大牛","['高级', '中级', 'linux']",Python/Golang开发工程师,20k-40k,1-3年,,
195,深圳市紫川软件有限公司,上海,"['节日礼物', '年底双薪', '绩效奖金', '岗位晋升']",500-2000人,2018-03-09 08:46:57,浦东新区,大专,不需要融资,开发/测试/运维类,"电子商务,金融",员工旅游 员工体检 五险一金,[],python开发工程师,12k-19k,3-5年,,
196,上海米闲企业管理合伙企业(有限合伙),上海,[],15-50人,2018-03-08 19:12:32,普陀区,本科,不需要融资,开发/测试/运维类,"移动互联网,企业服务","追求极客,业务明确","['中级', '初级', 'Java', 'django']",Python工程师,10k-20k,1-3年,,
197,无锡华云数据技术服务有限公司,上海,"['节日礼物', '带薪年假', '岗位晋升', '扁平管理']",500-2000人,2018-03-08 09:57:57,杨浦区,本科,D轮及以上,技术,"移动互联网,数据服务",绩效奖金 年终奖金 交通补贴 餐饮补贴,"['云计算', 'Java', 'Ruby', 'golang']",Python开发工程师,18k-28k,3-5年,,
198,维我软件（上海）有限公司北京分公司,北京,"['行业领先', '超长年假', '年度旅游']",500-2000人,2018-03-07 18:19:31,朝阳区,本科,上市公司,开发/测试/运维类,"移动互联网,企业服务","纽交所上市,云计算,SaaS,股票","['云计算', '高级', '后端开发', 'web']",资深Python工程师,25k-35k,5-10年,,
199,郑州创恒实业有限公司,郑州,"['年底双薪', '节日礼物', '技能培训', '绩效奖金']",150-500人,2018-03-07 10:42:46,金水区,大专,未融资,开发/测试/运维类,移动互联网,"周末双休,年底双薪,全勤奖,外出旅游","['node.js', 'php', 'MySQL', '后端']",Python开发工程师,5k-10k,1-3年,,
200,杭州沃趣科技股份有限公司,杭州,"['股票期权', '带薪年假', '绩效奖金', '年度旅游']",50-150人,2018-03-11 14:18:57,,本科,上市公司,技术,"企业服务,数据服务",精英团队、股票期权，购房贷款、丰厚奖金,['企业服务'],Python开发工程师,11k-22k,3-5年,,
201,北京江山如画网路科技有限责任公司,北京,"['专项奖金', '股票期权', '绩效奖金', '岗位晋升']",少于15人,2018-03-10 14:06:35,海淀区,本科,天使轮,技术,"移动互联网,社交网络",管吃管住、顶级投资、原始股权奖励,[],Python研发工程师,5k-10k,1-3年,,
202,光合新知（北京）科技有限公司,北京,"['产品领先行业', '关注学习本源', '明星跨界团队', '股票期权']",150-500人,2018-03-10 13:37:02,朝阳区,大专,C轮,开发/测试/运维类,"移动互联网,教育","年假15天,免费早午餐,弹性工作制,极客范儿","['教育', '高级', '中级', '服务器端', '全栈']",Python Web开发工程师,10k-20k,1-3年,,
203,北京来也网络科技有限公司,上海,"['绩效奖金', '扁平管理', '领导好', '五险一金']",50-150人,2018-03-10 12:29:21,徐汇区,不限,B轮,开发/测试/运维类,移动互联网,"pytho,技术驱动",['后端开发'],Python开发工程师(193),15k-30k,不限,,
204,北京步鼎方舟科技有限公司,北京,[],150-500人,2018-03-09 10:34:20,海淀区,本科,B轮,开发/测试/运维类,"移动互联网,O2O",一日三餐、带薪年假、弹性工作、六险一金,[],Python高级开发工程师,20k-30k,3-5年,,
205,上海诚信互通网络信息科技有限公司,北京,"['年底双薪', '股票期权', '带薪年假', '绩效奖金']",150-500人,2018-03-09 09:50:28,海淀区,大专,A轮,开发/测试/运维类,"移动互联网,企业服务",五险一金,"['资深', 'php', 'Java']",Python研发工程师,15k-30k,3-5年,,
206,武汉佰钧成技术有限责任公司,武汉,"['带薪年假', '计算机软件', '管理规范', '定期体检']",2000人以上,2018-03-09 09:42:19,东湖新技术开发区,大专,不需要融资,开发/测试/运维类,移动互联网,"牛人团队,薪资高,福利好","['云计算', '软件开发', 'linux', 'OpenStack']",Python,15k-30k,3-5年,,
207,小叶子（北京）科技有限公司,北京,"['优秀团队', '篮球羽毛球队', '13薪', '技术大牛多']",150-500人,2018-03-09 09:39:56,朝阳区,本科,C轮,开发/测试/运维类,"硬件,教育","免费午晚餐,五险一金,交补,年终奖","['高级', 'PHP', '后端']",python,20k-30k,3-5年,,
208,广州财略金融信息科技有限公司,广州,"['股票期权', '专项奖金', '带薪年假', '绩效奖金']",50-150人,2018-03-09 09:28:13,海珠区,大专,A轮,开发/测试/运维类,金融,股票期权 发展空间大 福利待遇好 周末双休,"['中级', '数据分析', '大数据', 'MySQL', 'hadoop']",Python开发工程师,10k-16k,1-3年,,
209,深圳市博悦科创科技有限公司,深圳,"['年底双薪', '定期体检', '绩效奖金', '技能培训']",500-2000人,2018-03-09 09:02:32,福田区,大专,不需要融资,开发/测试/运维类,移动互联网,大平台 发展好,[],python软件开发工程师,10k-13k,1-3年,,
210,维我软件（上海）有限公司北京分公司,北京,"['行业领先', '超长年假', '年度旅游']",500-2000人,2018-03-07 17:57:38,朝阳区,本科,上市公司,开发/测试/运维类,"移动互联网,企业服务","纽交所上市,云计算,SaaS,生命科学","['云计算', '资深', 'web', '架构']",高级Python开发工程师,25k-35k,5-10年,,
211,深圳市博奥特科技有限公司,深圳,"['绩效奖金', '领导好', '帅哥多', '美女多']",150-500人,2018-03-09 09:04:59,福田区,本科,未融资,开发/测试/运维类,"移动互联网,金融","双休,晋升空间大,平台好,五险一金","['高级', '中级', '初级', '后端开发', '数据分析']",python开发工程师,15k-25k,3-5年,,
212,厦门笨鸟电子商务有限公司,深圳,"['高新企业', '扁平管理', '五险一金', '股票期权']",150-500人,2018-03-08 17:09:21,南山区,本科,B轮,开发/测试/运维类,企业服务,海量数据,"['爬虫', '后端', '初级', '中级', '搜索']",python工程师,20k-40k,1-3年,,
213,湖南康通电子股份有限公司,长沙,"['技能培训', '效益奖金', '岗位晋升', '通讯津贴']",150-500人,2018-03-07 17:21:23,芙蓉区,本科,未融资,开发/测试/运维类,移动互联网,"五险一金,亲属关爱金,免费中晚餐,福利齐全","['软件开发', '算法', '机器学习']",Python工程师,7K-14K,1-3年,,
214,北京慕华信息科技有限公司,北京,"['节日礼物', '股票期权', '带薪年假', '氛围轻松']",150-500人,2018-03-05 17:20:10,海淀区,本科,B轮,技术,"移动互联网,教育",股票期权，五险一金，交补餐补，零食水果,"['教育', 'tornado', 'flask', 'django']",Python开发工程师,15k-25k,3-5年,,
215,北京汇行科技有限公司,北京,"['股票期权', '十四薪', '零食饮料水果', '团队氛围好']",150-500人,2018-03-01 11:08:18,东城区,本科,B轮,开发/测试/运维类,旅游,"免费三餐,晋升空间,福利待遇好","['爬虫', '大数据', '算法']",Python研发工程师,8k-16k,1-3年,,
216,昊盈信息技术（成都）有限公司,成都,"['年底双薪', '节日礼物', '技能培训', '绩效奖金']",150-500人,2018-03-11 13:52:37,锦江区,大专,不需要融资,开发/测试/运维类,"移动互联网,游戏","五险一金,带薪年假,年度体检,各种补贴","['高级', '中级', '大数据', 'Java', '云平台']",Python 开发工程师,8k-15k,3-5年,,
217,有米科技股份有限公司,广州,"['绩效奖金', '股票期权', '专项奖金', '五险一金']",500-2000人,2018-03-09 14:29:04,番禺区,本科,上市公司,开发/测试/运维类,"移动互联网,广告营销","六险一金,年度旅游,项目奖金","['大数据', 'MySQL']",Python工程师,15k-25k,1-3年,,
218,京东金融,北京,"['供应链金融', '消费金融', '众筹业务', '支付业务']",2000人以上,2018-03-09 09:28:06,大兴区,本科,上市公司,开发/测试/运维类,金融,餐补+年终奖+良好的晋升空间,"['大数据', '数据挖掘', '算法', '机器学习']",Python研发工程师,25k-50k,5-10年,,
219,广州云移信息科技有限公司,深圳,"['股票期权', '岗位晋升', '扁平管理', '领导好']",500-2000人,2018-03-08 14:31:32,福田区,大专,B轮,开发/测试/运维类,"移动互联网,O2O",五险一金 定期培训 年度体检 生日福利,"['linux', 'Java']",python开发工程师,12k-18k,3-5年,,
220,广州杰颉软件科技有限公司,北京,"['股票期权', '绩效奖金', '带薪年假', '弹性工作']",15-50人,2018-03-07 15:45:19,朝阳区,本科,A轮,开发/测试/运维类,"信息安全,数据服务","发展空间大,工作氛围好,全员持股,管理规范","['信息安全', 'linux', '大数据', 'Java', 'MySQL']",Python开发工程师,20k-25k,5-10年,,
221,深圳市麦达数字股份有限公司,北京,"['股票期权', '绩效奖金', '带薪年假', '定期体检']",500-2000人,2018-03-06 09:38:22,朝阳区,本科,上市公司,开发/测试/运维类,"企业服务,数据服务","上市公司,五险一金,薪酬福利好,发展空间大","['数据分析', '数据挖掘', '大数据', '算法', '爬虫']",PYTHON研发工程师,25k-35k,3-5年,,
222,广东省电信规划设计院有限公司,广州,"['绩效奖金', '带薪年假', '通讯津贴', '年底双薪']",2000人以上,2018-03-11 18:08:40,天河区,大专,上市公司,开发/测试/运维类,"移动互联网,金融","周末双休,高温补贴,节日补贴","['中级', 'Java']",Python工程师,6k-10k,1-3年,,
223,上海海万信息科技股份有限公司,上海,[],500-2000人,2018-03-09 13:21:58,浦东新区,本科,不需要融资,开发/测试/运维类,"移动互联网,金融","五险一金,旅游、体检,过节福利,生日礼金",[],python,8k-15k,3-5年,,
224,深圳市乐易网络有限公司,深圳,"['技术大牛', '高逼格环境', '两次年度旅游', '福利倍儿好']",150-500人,2018-03-09 11:38:46,南山区,本科,A轮,开发/测试/运维类,"移动互联网,游戏","海外手游,鹅厂大神,高配团队","['php', 'Java', '后端', '手机游戏']",Python,15k-30k,3-5年,,
225,北京汇行科技有限公司,北京,"['股票期权', '十四薪', '零食饮料水果', '团队氛围好']",150-500人,2018-03-01 11:08:06,东城区,本科,B轮,开发/测试/运维类,旅游,"晋升空间,免费三餐,福利待遇好","['爬虫', '大数据', 'Java', '算法']",Python工程师,8k-16k,1-3年,,
226,深圳市乐易网络有限公司,深圳,"['技术大牛', '高逼格环境', '两次年度旅游', '福利倍儿好']",150-500人,2018-03-09 11:38:46,南山区,本科,A轮,开发/测试/运维类,"移动互联网,游戏","海外手游,鹅厂大神,高配团队","['php', 'Java', '后端', '手机游戏']",Python,15k-30k,3-5年,,
227,车好多旧机动车经纪(北京)有限公司,北京,"['带薪年假', '弹性工作', '免费班车', '美女多']",2000人以上,2018-03-08 18:31:04,海淀区,本科,B轮,开发/测试/运维类,O2O,最高19薪 独角兽公司 学习型团队,"['高级', '中级', '初级', 'php', 'Java']",Python开发工程师,20k-40k,3-5年,,
228,北京字节跳动科技有限公司,北京,"['扁平管理', '弹性工作', '大厨定制三餐', '就近租房补贴']",2000人以上,2018-03-08 10:58:47,海淀区,本科,C轮,开发/测试/运维类,"移动互联网,数据服务",六险一金，高薪期权，弹性工作，免费三餐，租房补贴，休闲下午茶，扁平管理，团队氛围好，优厚薪资,['后端开发'],python开发工程师,20k-35k,1-3年,,
229,印孚瑟斯技术（中国）有限公司,深圳,"['节日礼物', '技能培训', '免费班车', '岗位晋升']",2000人以上,2018-02-27 14:44:21,龙岗区,大专,上市公司,开发/测试/运维类,移动互联网,"6险1金,外企,大项目,少加班","['云计算', 'MySQL', 'oracle']",Python开发工程师,10k-20k,3-5年,,
230,上海庆科信息技术有限公司,上海,"['互联网风口', '物联网、高新', 'Wi-Fi', '午餐补助']",150-500人,2018-03-09 10:12:15,普陀区,本科,B轮,开发/测试/运维类,硬件,发展空间大,"['linux', 'Java']",python开发工程师,15k-18k,1-3年,,
231,深圳市紫川软件有限公司,深圳,"['节日礼物', '年底双薪', '绩效奖金', '岗位晋升']",500-2000人,2018-03-09 08:46:58,福田区,本科,不需要融资,开发/测试/运维类,"电子商务,金融",周末双休 免费体检 员工旅游 五险一金,[],python工程师,8k-14k,1-3年,,
232,行云智能（深圳）技术有限公司,深圳,"['年终分红', '绩效奖金', '专项奖金', '带薪年假']",15-50人,2018-03-07 17:30:37,南山区,本科,天使轮,开发/测试/运维类,"移动互联网,硬件","扁平化管理,周末双休,年终奖,发展空间大",['算法'],Python开发工程师,10k-20k,1-3年,,
233,广州碧软信息科技有限公司,成都,"['技能培训', '节日礼物', '专项奖金', '带薪年假']",500-2000人,2018-03-01 16:37:31,高新区,本科,不需要融资,开发/测试/运维类,"企业服务,金融",五险一金 周末双休 带薪年假,"['Java', 'MySQL']",Python,10k-18k,5-10年,,
234,北京江山如画网路科技有限责任公司,北京,"['专项奖金', '股票期权', '绩效奖金', '岗位晋升']",少于15人,2018-03-10 14:06:36,海淀区,本科,天使轮,开发/测试/运维类,"移动互联网,社交网络","提供住宿,一日三餐,晋升空间,紫牛基金投","['云计算', 'web', '服务器端', 'php', 'MySQL']",python开发工程师,8k-16k,1-3年,,
235,四川长虹电器股份有限公司,成都,"['绩效奖金', '管理规范', '定期体检', '五险一金']",2000人以上,2018-03-09 21:23:21,高新区,本科,上市公司,开发/测试/运维类,硬件,"五险一金,年终奖,项目奖","['linux', '运维']",python工程师,8k-15k,3-5年,,
236,上海晓途网络科技有限公司,上海,"['节日礼物', '带薪年假', '岗位晋升', '年度旅游']",50-150人,2018-03-09 17:26:34,徐汇区,本科,B轮,开发/测试/运维类,移动互联网,"年轻团队,扁平管理,弹性工作,简单透明","['金融', '数据库开发']",Python开发工程师,15k-25k,1-3年,,
237,北京天融信网络安全,北京,"['五险一金', '弹性工作', '交通补助', '定期体检']",2000人以上,2018-03-09 11:21:12,海淀区,本科,上市公司,开发/测试/运维类,信息安全,"七险一金,年终奖,带薪年假,带薪病假","['信息安全', 'Java', 'MySQL']",python开发工程师,10k-15k,1-3年,,
238,竹间智能科技（上海）有限公司,上海,"['年底双薪', '股票期权', '带薪年假', '绩效奖金']",150-500人,2018-03-09 10:58:04,徐汇区,本科,B轮,开发/测试/运维类,"移动互联网,其他",发展空间大 期权激励 弹性工作,[],Python 开发工程师,20k以上,不限,,
239,上海众言网络科技有限公司,上海,"['技能培训', '节日礼物', '年底双薪', '绩效奖金']",150-500人,2018-03-09 10:57:15,徐汇区,本科,B轮,开发/测试/运维类,移动互联网,"带薪年假,股票期权,下午茶,季度旅游","['后端开发', 'web']",Python资深开发,12k-24k,3-5年,,
240,北京汇行科技有限公司,北京,"['股票期权', '十四薪', '零食饮料水果', '团队氛围好']",150-500人,2018-03-01 11:05:45,东城区,本科,B轮,开发/测试/运维类,旅游,"免费三餐,晋升空间,福利待遇好","['爬虫', '大数据', 'Java', '算法']",Python,8k-16k,1-3年,,
241,厦门笨鸟电子商务有限公司,厦门,"['高新企业', '扁平管理', '五险一金', '股票期权']",150-500人,2018-03-03 10:22:31,思明区,本科,B轮,开发/测试/运维类,企业服务,"高新企业,牛人多,扁平化,五险一金","['云计算', 'php']",Python工程师,8k-15k,3-5年,,
242,上海阿牛信息科技有限公司,上海,"['技能培训', '节日礼物', '岗位晋升', '年度旅游']",150-500人,2018-03-10 15:09:52,黄浦区,本科,B轮,开发/测试/运维类,"金融,移动互联网",五险一金,"['Java', '爬虫']",高级Python开发工程师,15k-22k,3-5年,,
243,湖南创业工场网络科技有限公司,长沙,[],150-500人,2018-03-09 17:40:01,天心区,大专,A轮,开发/测试/运维类,"移动互联网,电子商务","互联网行业,朝九晚五,2次加薪,五险","['云计算', 'Java', '爬虫']",python中级开发工程师,6k-10k,1-3年,,
244,深圳市博悦科创科技有限公司,深圳,"['年底双薪', '定期体检', '绩效奖金', '技能培训']",500-2000人,2018-03-09 12:21:20,福田区,本科,不需要融资,开发/测试/运维类,移动互联网,项目好，福利好发展好,['数据库'],Python开发,9k-18k,1-3年,,
245,深圳市杉岩数据技术有限公司,深圳,"['股票期权', '扁平管理', '领导好', '五险一金']",15-50人,2018-03-09 11:37:38,南山区,本科,A轮,开发/测试/运维类,"企业服务,数据服务","扁平化管理,发展空间大,产品有竞争,氛围融洽","['云计算', 'Java']",Python开发工程师,10k-16k,1-3年,,
246,多点生活（中国）网络科技有限公司,北京,"['技能培训', '年底双薪', '节日礼物', '绩效奖金']",500-2000人,2018-03-09 09:36:06,海淀区,本科,B轮,开发/测试/运维类,"电子商务,O2O","平台大,福利好,氛围好,互联网电商","['电商', '大数据', '数据分析', '数据挖掘']",Python开发工程师,10k-20k,3-5年,,
247,北京掌控世代科技有限公司,北京,"['股票期权', '带薪年假', '定期体检', '年度旅游']",15-50人,2018-03-09 09:27:20,海淀区,本科,A轮,技术,"移动互联网,电子商务",行业第一 技术导向 大用户 大数据 超强团队,"['Java', 'MySQL', 'redis']",Python研发中级工程师,15k-30k,3-5年,,
248,深圳市博奥特科技有限公司,深圳,"['绩效奖金', '领导好', '帅哥多', '美女多']",150-500人,2018-03-09 09:05:00,福田区,大专,未融资,开发/测试/运维类,"移动互联网,金融","晋升空间大,福利待遇好","['高级', '中级', '架构师', '爬虫', '服务器端']",python开发工程师,10k-20k,1-3年,,
249,上海谷露软件有限公司,上海,"['团队融洽', '股票期权', '扁平管理', '帅哥多']",50-150人,2018-03-08 09:45:01,黄浦区,本科,A轮,开发/测试/运维类,"数据服务,招聘","工程师文化,大牛,高薪","['php', 'Java']",Python工程师,15k-25k,1-3年,,
250,深圳前海信美分期科技有限公司,长沙,[],150-500人,2018-03-06 09:55:55,岳麓区,本科,不需要融资,开发/测试/运维类,"金融,移动互联网","平台大,升职机会多,加薪快","['爬虫', '数据挖掘']",Python开发 （长沙）,6k-10k,1-3年,,
251,上海基分文化传播有限公司,上海,[],500-2000人,2018-02-27 11:00:23,浦东新区,大专,不需要融资,开发/测试/运维类,移动互联网,"六险一金,平均16薪,餐补,弹性上班",['爬虫'],Python开发工程师,20k-35k,3-5年,,
252,况客科技(北京)有限公司,北京,"['定期体检', '午餐补助', '带薪年假', '绩效奖金']",15-50人,2018-03-09 15:29:56,朝阳区,本科,A轮,开发/测试/运维类,金融,"技术培养,能力提升,培养计划,福利好","['后端开发', 'Node.js']",Python 工程师,15k-30k,1-3年,,
253,上海拍拍贷金融信息服务有限公司,上海,"['绩效奖金', '五险一金', '带薪年假', '午餐补助']",2000人以上,2018-03-09 09:46:36,浦东新区,本科,上市公司,开发/测试/运维类,金融,晋升空间大、福利好,['高级'],python工程师,12k-24k,3-5年,,
254,北京缔联科技有限公司,北京,"['年底双薪', '节日礼物', '年度旅游', '岗位晋升']",15-50人,2018-03-07 18:24:47,海淀区,本科,B轮,开发/测试/运维类,企业服务,"周末双休,法定节假日,六险一金,年底双薪","['即时通讯', 'Java', 'MySQL']",Python开发工程师,10k-20k,3-5年,,
255,北京汇行科技有限公司,北京,"['股票期权', '十四薪', '零食饮料水果', '团队氛围好']",150-500人,2018-03-01 11:05:54,东城区,本科,B轮,开发/测试/运维类,旅游,"免费三餐,福利待遇好,晋升空间","['后端开发', '爬虫', '大数据', 'Java', '算法']",Python开发,8k-16k,1年以下,,
256,印孚瑟斯技术（中国）有限公司,深圳,"['节日礼物', '技能培训', '免费班车', '岗位晋升']",2000人以上,2018-02-28 09:58:10,龙岗区,本科,上市公司,开发/测试/运维类,移动互联网,"六险一金,免费班车","['中级', '后端开发', 'Java', 'oracle', 'cobol']",Python,15k-20k,3-5年,,
257,北京中铁信科技有限公司,北京,"['带薪年假', '绩效奖金', '年度旅游', '定期体检']",50-150人,2018-03-10 18:27:30,海淀区,本科,不需要融资,开发/测试/运维类,其他,福利好，前景好。平台好。,"['云计算', '自动化']",Python中级研发工程师,14k-23k,3-5年,,
258,深圳市博奥特科技有限公司,深圳,"['绩效奖金', '领导好', '帅哥多', '美女多']",150-500人,2018-03-10 09:16:22,福田区,大专,未融资,开发/测试/运维类,"移动互联网,金融","提升空间大,行业前景广,金融行业","['云计算', 'js', 'mvc', 'django']",中级PYTHON开发工程师,22k-25k,5-10年,,
259,深圳市房多多网络科技有限公司,上海,"['节日礼物', '带薪年假', '扁平管理', '美女多']",2000人以上,2018-03-09 13:12:33,闸北区,本科,C轮,开发/测试/运维类,"移动互联网,O2O",平台好，发展广阔，技术大牛多,"['云计算', '资深', '高级', 'linux', 'OpenStack', '系统工程师']",Python研发工程师,15k-30k,1-3年,,
260,北京南天软件有限公司,北京,"['交通补助', '午餐补助', '带薪年假', '年底双薪']",500-2000人,2018-03-06 20:46:17,海淀区,本科,上市公司,开发/测试/运维类,金融,长期稳定,['django'],python工程师,5k-10k,1-3年,,
261,海思林科（北京）信息技术有限公司,北京,"['绩效奖金', '年底双薪', '五险一金', '通讯津贴']",50-150人,2018-02-28 10:29:47,丰台区,大专,A轮,开发/测试/运维类,"企业服务,医疗健康","平台大,发展好,环境好,福利好","['工具软件', '软件开发', 'Perl', 'django']",python开发工程师,10k-18k,3-5年,,
262,深圳码隆科技有限公司,深圳,"['技术大牛集聚', '扁平管理', '五险一金', '领导好']",50-150人,2018-03-11 12:50:25,盐田区,本科,B轮,开发/测试/运维类,移动互联网,发展前景广阔,['软件开发'],python开发工程师(深圳),20k-40k,1-3年,,
263,广州德惟科技有限公司,广州,[],150-500人,2018-03-10 10:06:02,天河区,本科,不需要融资,开发/测试/运维类,"金融,移动互联网","综合福利好,技术大牛多,交通便利,假期多","['金融', '中级', '初级', '爬虫', 'Java']",python开发（广州）,8k-13k,1-3年,,
264,深圳市乐易网络有限公司,深圳,"['技术大牛', '高逼格环境', '两次年度旅游', '福利倍儿好']",150-500人,2018-03-09 11:38:47,南山区,本科,A轮,开发/测试/运维类,"移动互联网,游戏","海外手游,鹅厂大神,高配团队","['前端', 'php', '手机游戏']",Python,15k-30k,3-5年,,
265,医渡云（北京）技术有限公司,北京,"['节日礼物', '年底双薪', '股票期权', '带薪年假']",150-500人,2018-03-08 18:55:44,海淀区,大专,B轮,开发/测试/运维类,"O2O,医疗健康","十四薪,带薪年假,免费三餐,租房补助","['php', 'MySQL', 'redis']",Python开发工程师,18K-35K,3-5年,,
266,北京推想科技有限公司,大连,"['午餐补助', '股票期权', '定期体检', '弹性工作']",50-150人,2018-03-08 10:24:45,中山区,大专,B轮,开发/测试/运维类,"医疗健康,数据服务","人工智能,快速成长,弹性工作,年终奖丰厚","['医疗健康', '数据库', '运维', '实施']",python工程师,6k-12k,1年以下,,
267,北京币贝科技有限公司,北京,"['弹性工作', '领导好', '扁平管理', '技能培训']",50-150人,2018-03-06 15:47:52,海淀区,本科,不需要融资,开发/测试/运维类,"移动互联网,金融","技术大牛,弹性工作,不打卡,福利丰厚",[],Python开发工程师,15k-30k,不限,,
268,蓝盾信息安全技术股份有限公司,广州,"['技能培训', '节日礼物', '绩效奖金', '岗位晋升']",500-2000人,2018-03-08 11:30:47,天河区,本科,上市公司,开发/测试/运维类,信息安全,双休、晋升快,"['信息安全', 'php', 'web']",Python开发工程师,12k-22k,1-3年,,
269,武汉市哈哈便利科技有限公司,深圳,[],15-50人,2018-03-07 11:32:05,南山区,本科,天使轮,开发/测试/运维类,"硬件,移动互联网","创业公司,空间大,氛围好","['资深', '高级', 'linux', 'C++', 'qt']",Python开发工程师,15k-30k,3-5年,,
270,深圳市博奥特科技有限公司,深圳,"['绩效奖金', '领导好', '帅哥多', '美女多']",150-500人,2018-03-09 08:35:17,福田区,大专,未融资,开发/测试/运维类,"移动互联网,金融","晋升空间大,五险一金","['金融', '大数据', '数据挖掘', 'django']",Python开发工程师,10k-15k,1-3年,,
271,北京钱方银通科技有限公司,北京,"['节日礼物', '带薪年假', '绩效奖金', '年度旅游']",150-500人,2018-03-07 10:54:59,朝阳区,本科,B轮,开发/测试/运维类,金融,"试用期全薪,餐补,六险一金,年终奖","['node.js', 'php', 'Java', 'web']",Python开发,20k-30k,3-5年,,
272,北京慕华信息科技有限公司,北京,"['节日礼物', '股票期权', '带薪年假', '氛围轻松']",150-500人,2018-03-05 17:20:10,海淀区,本科,B轮,技术,"移动互联网,教育",来吧，与技术大牛过招吧！,['教育'],Python工程师,15k-25k,1-3年,,
273,便利蜂商贸有限公司,北京,"['弹性工作', '美女多', '帅哥多', '领导好']",2000人以上,2018-02-12 15:43:21,朝阳区,本科,不需要融资,开发/测试/运维类,"移动互联网,生活服务",扁平化,"['总监', '资深', '高级', '中级', '中间件']",python开发,15k-30k,3-5年,,
274,光合新知（北京）科技有限公司,北京,"['产品领先行业', '关注学习本源', '明星跨界团队', '股票期权']",150-500人,2018-03-10 13:37:01,朝阳区,大专,C轮,开发/测试/运维类,"移动互联网,教育","年假15天,免费早午餐,极客范儿,学习氛围好","['高级', '中级', 'php', 'Java']",Python Web开发工程师,15k-30k,1-3年,,
275,上海驻云信息科技有限公司,上海,"['股票期权', '带薪年假', '定期体检', '年度旅游']",150-500人,2018-03-09 16:52:03,浦东新区,大专,C轮,开发/测试/运维类,"移动互联网,企业服务","阿里云,晋升快,空间大",[],Python开发工程师,15k-25k,3-5年,,
276,达疆网络科技（上海）有限公司,上海,"['年底双薪', '绩效奖金', '岗位晋升', '定期体检']",2000人以上,2018-03-09 11:56:45,浦东新区,本科,D轮及以上,开发/测试/运维类,O2O,平台稳定，团队快速发展,"['高级', '中级', 'php', 'Java', 'web']",后端python工程师,15k-25k,1-3年,,
277,多点生活（中国）网络科技有限公司,北京,"['技能培训', '年底双薪', '节日礼物', '绩效奖金']",500-2000人,2018-03-09 09:36:04,海淀区,本科,B轮,技术,"电子商务,O2O",1亿美金天使轮，互联网创业公司中的富二代,[],（北京）Python开发工程师,15k-30k,3-5年,,
278,人人行科技有限公司,北京,"['年底双薪', '节日礼物', '绩效奖金', '岗位晋升']",2000人以上,2018-03-09 09:27:42,朝阳区,本科,C轮,开发/测试/运维类,"移动互联网,金融",九鼎控股；有钱任性；六险一金；福利好,"['云计算', '信息安全', '大数据']",Python,15k-25k,1-3年,,
279,企鹅创新（北京）科技有限公司,北京,[],15-50人,2018-03-07 16:45:00,朝阳区,本科,天使轮,开发/测试/运维类,"硬件,移动互联网","Djang,主流Web,数据库","['资深', 'node.js', 'Java']",Python工程师,25k-35k,1-3年,,
280,千言信息技术（上海）有限公司,上海,"['股票期权', '20天年假', '高端医疗保险', '学习基金计划']",50-150人,2018-02-28 17:10:00,静安区,本科,A轮,开发/测试/运维类,"电子商务,教育","国际化团队,福利太多,企业文化,技术驱动","['旅游', '医疗健康', 'php', 'Java', 'Ruby', 'web']",Python工程师,10k-20k,1-3年,,
281,永杨安风（北京）科技有限公司,北京,"['绩效奖金', '专项奖金', '带薪年假', '节日礼物']",50-150人,2018-03-09 18:23:28,朝阳区,本科,B轮,开发/测试/运维类,移动互联网,"海外APP,社/公全额,海外团建,工作居住证","['移动互联网', '广告营销', 'Java', 'golang']",Python研发工程师,15k-25k,1-3年,,
282,上海阅文信息技术有限公司,上海,"['年终分红', '年底双薪', '五险一金', '交通补助']",500-2000人,2018-03-09 13:42:47,浦东新区,本科,上市公司,开发/测试/运维类,移动互联网,"团队好,发展快,福利全","['资深', '高级']",Python开发工程师,15k-25k,5-10年,,
283,北京至信普林科技有限公司,北京,"['技能培训', '带薪年假', '绩效奖金', '岗位晋升']",50-150人,2018-03-09 09:58:06,海淀区,本科,A轮,开发/测试/运维类,数据服务,平台好，发展空间大,"['金融', '大数据', 'Java']",Python工程师-金融事业部,10k-20k,1-3年,,
284,广州汇电云联互联网科技有限公司,广州,"['扁平化', '不打卡', '氛围好']",50-150人,2018-03-09 09:47:42,天河区,本科,不需要融资,开发/测试/运维类,移动互联网,"扁平化,氛围好","['C#/.NET', 'Node.js', '算法', '爬虫']",Python开发工程师,10k-20k,3-5年,,
285,深圳市博奥特科技有限公司,深圳,"['绩效奖金', '领导好', '帅哥多', '美女多']",150-500人,2018-03-10 15:03:31,福田区,大专,未融资,开发/测试/运维类,"移动互联网,金融","行业前景好,发展空间大","['金融', '大数据', '数据分析', '量化']",Python,10k-20k,1-3年,,
286,马上消费金融股份有限公司,北京,"['股票期权', '年终分红', '绩效奖金', '带薪年假']",2000人以上,2018-02-27 10:26:44,朝阳区,大专,不需要融资,开发/测试/运维类,"金融,移动互联网",年底2-4薪,"['linux', '数据库']",Python开发工程师,20k-30k,3-5年,,
287,北京知源智生信息科技有限公司,北京,"['""""']",50-150人,2018-03-11 15:27:33,海淀区,本科,不需要融资,开发/测试/运维类,移动互联网,技术背景雄厚，福利待遇、学习环境俱佳。,"['数据分析', '数据挖掘']",大数据工程师-python,10K-20K,1-3年,,
288,金色家园网络科技有限公司,北京,"['节日礼物', '带薪年假', '绩效奖金', '管理规范']",2000人以上,2018-03-09 11:35:22,东城区,本科,不需要融资,开发/测试/运维类,O2O,"股票期权,绩效奖金","['云计算', 'Java', '系统架构']",高级python工程师,18k-30k,5-10年,,
289,上海拍拍贷金融信息服务有限公司,上海,"['绩效奖金', '五险一金', '带薪年假', '午餐补助']",2000人以上,2018-03-09 09:46:35,浦东新区,本科,上市公司,开发/测试/运维类,金融,晋升空间大、福利好,['高级'],python工程师,12k-24k,3-5年,,
290,车好多旧机动车经纪(北京)有限公司,北京,"['带薪年假', '弹性工作', '免费班车', '美女多']",2000人以上,2018-03-08 18:31:03,,本科,B轮,技术,O2O,核心项目 BI方向 等你来挑战,['汽车'],Python,20k-30k,1-3年,,
291,上海众言网络科技有限公司,苏州,"['技能培训', '节日礼物', '年底双薪', '绩效奖金']",150-500人,2018-03-07 20:26:17,工业园区,本科,B轮,开发/测试/运维类,移动互联网,"带薪年假,定期体检,五险一金,福利多多","['后端开发', 'web', '爬虫', '全栈']",Python,6k-12k,1-3年,,
292,北京腾云天下科技有限公司,北京,"['精英团队', '扁平管理', '海量数据', '弹性工作']",500-2000人,2018-03-05 14:37:36,东城区,本科,C轮,开发/测试/运维类,移动互联网,"大数据,独角兽,技术成长,行业大牛","['云计算', '软件开发', 'OpenStack']",Python工程师J10008,20k-30k,不限,,
293,千言信息技术（上海）有限公司,上海,"['股票期权', '20天年假', '高端医疗保险', '学习基金计划']",50-150人,2018-02-28 17:09:59,静安区,本科,A轮,开发/测试/运维类,"电子商务,教育","国际团队,全球用户,在线教育,文化驱动","['教育', '旅游', '资深', '高级', '后端开发']",Python,15k-30k,5-10年,,
294,杭州嘉云数据科技有限公司,杭州,"['海量大数据', '世界级产品', 'AI', '智能供应链']",150-500人,2018-03-09 09:23:09,西湖区,本科,C轮,开发/测试/运维类,"电子商务,移动互联网","高并发,高流量,技术成长快,世界级产品",[],Python 开发工程师,15k-20k,1-3年,,
295,维我软件（上海）有限公司北京分公司,北京,"['行业领先', '超长年假', '年度旅游']",500-2000人,2018-03-07 18:24:04,朝阳区,本科,上市公司,开发/测试/运维类,"移动互联网,企业服务","纽交所上市,云计算,SaaS,生命科学","['资深', 'Java', '架构']",高级Python工程师,20k-30k,3-5年,,
296,北京钱方银通科技有限公司,北京,"['节日礼物', '带薪年假', '绩效奖金', '年度旅游']",150-500人,2018-03-07 10:54:59,朝阳区,本科,B轮,技术,金融,六险一金，带薪年假，年度体检，自由氛围。,[],Python开发工程师,25k-30k,3-5年,,
297,杭州健培科技有限公司,杭州,"['技能培训', '带薪年假', '岗位晋升', '年度旅游']",150-500人,2018-03-06 15:46:34,江干区,本科,不需要融资,技术,"移动互联网,医疗健康",高薪、五险一金、氛围好,[],Python软件开发,10k-15k,1-3年,,
298,印孚瑟斯技术（中国）有限公司,深圳,"['节日礼物', '技能培训', '免费班车', '岗位晋升']",2000人以上,2018-03-06 10:51:10,龙岗区,大专,上市公司,开发/测试/运维类,移动互联网,"500强,外企,福利好,美女多","['web', '爬虫', '数据分析', 'js', 'Java']",python开发工程师,12k-15k,3-5年,,
299,北京弥财投资咨询有限公司,北京,"['一天两次冥想', '扁平管理', '五险一金', '弹性工作']",15-50人,2018-03-09 18:29:53,朝阳区,本科,A轮,开发/测试/运维类,金融,"金融科技,行业先驱,技术大牛,优秀同事","['金融', '支付', '资深', '中级']",高级Python开发工程师,20k-40k,5-10年,,
300,金色家园网络科技有限公司,北京,"['节日礼物', '带薪年假', '绩效奖金', '管理规范']",2000人以上,2018-03-09 11:35:22,东城区,本科,不需要融资,开发/测试/运维类,O2O,"股票期权,绩效奖金","['云计算', 'Java', '系统架构']",高级python工程师,20k-30k,5-10年,,
301,浙江力太科技有限公司,武汉,"['年底双薪', '股票期权', '专项奖金', '带薪年假']",150-500人,2018-03-09 10:47:12,洪山区,本科,C轮,开发/测试/运维类,"移动互联网,其他","六险一金,带薪年假,股票期权,周末双休","['Java', 'C/C++']",python工程师,15k-30k,3-5年,,
302,仁科互动（北京）信息科技有限公司,北京,"['技能培训', '节日礼物', '年底双薪', '绩效奖金']",500-2000人,2018-02-26 09:06:08,朝阳区,本科,D轮及以上,开发/测试/运维类,"移动互联网,数据服务",弹性工作，扁平管理，丰厚年终奖，五险一金,"['云计算', '信息安全', 'linux', 'OpenStack']",Python开发工程师,25k-35k,3-5年,,
303,深圳市易讯天空网络技术有限公司,深圳,"['股票期权', '绩效奖金', '专项奖金', '交通补助']",150-500人,2018-03-10 23:35:36,南山区,本科,上市公司,开发/测试/运维类,"移动互联网,电子商务",氛围轻松,"['游戏', '后端开发', 'php', 'Java', 'MySQL', '后端']",Python开发工程师,15k-25k,3-5年,,
304,北京乐信圣文科技有限责任公司,北京,"['交通补助', '午餐补助', '项目奖金', '季度奖金']",50-150人,2018-03-10 16:59:16,海淀区,本科,B轮,开发/测试/运维类,移动互联网,"项目奖金,五险一金,季度奖金,年终奖",[],高级Python开发工程师,20k-40k,3-5年,,
305,深圳市乐易网络有限公司,深圳,"['技术大牛', '高逼格环境', '两次年度旅游', '福利倍儿好']",150-500人,2018-03-09 11:38:47,南山区,本科,A轮,开发/测试/运维类,"移动互联网,游戏","五险一金,年终奖金,两次调薪,大神指导","['游戏', '数据分析', '数据库', '后端', '全栈']",python开发工程师,10k-20k,3-5年,,
306,北京点石经纬科技有限公司,北京,"['五险一金', '带薪年假', '节日礼物', '年度旅游']",150-500人,2018-03-09 10:45:50,海淀区,本科,B轮,开发/测试/运维类,"移动互联网,教育","待遇好,大牛多,平台好","['中级', '初级', 'Java', '架构']",Python工程师,10k-20k,1-3年,,
307,维我软件（上海）有限公司北京分公司,北京,"['行业领先', '超长年假', '年度旅游']",500-2000人,2018-03-07 18:24:04,朝阳区,本科,上市公司,开发/测试/运维类,"移动互联网,企业服务","纽交所上市,云计算,SaaS,股票","['资深', 'Java', '云服务', 'web']",高级Python工程师,25k-35k,5-10年,,
308,上海悦易网络信息技术有限公司,上海,"['节日礼物', '股票期权', '专项奖金', '带薪年假']",500-2000人,2018-03-07 15:53:35,杨浦区,本科,D轮及以上,开发/测试/运维类,"电子商务,O2O","团队大牛,期权激励,D轮公司,行业独角兽","['资深', '分布式', '爬虫']",python工程师,15k-25k,3-5年,,
309,上海谷露软件有限公司,上海,"['团队融洽', '股票期权', '扁平管理', '帅哥多']",50-150人,2018-02-28 09:54:25,黄浦区,本科,A轮,开发/测试/运维类,"数据服务,招聘","工程师文化,年轻,大牛,爽","['后端开发', 'web', '爬虫', '服务器端', 'php', 'Java']",Python开发工程师,13k-25k,不限,,
310,深圳市博奥特科技有限公司,深圳,"['绩效奖金', '领导好', '帅哥多', '美女多']",150-500人,2018-03-10 15:03:29,福田区,大专,未融资,开发/测试/运维类,"移动互联网,金融","行业前景好,发展空间大,有“钱”景",['django'],高级python开发工程师,15k-25k,3-5年,,
311,达而观信息科技（上海）有限公司,深圳,"['股票期权', '扁平管理', '领导好', '大牛团队']",50-150人,2018-03-09 10:49:42,南山区,本科,A轮,开发/测试/运维类,移动互联网,"六险一金,12天年假,专业培训,技术提升","['C/C++', 'linux', 'Shell', 'Java']",Python开发工程师,8k-10k,1-3年,,
312,智线云科技（北京）有限公司,武汉,"['绩效奖金', '股票期权', '带薪年假', '弹性工作']",50-150人,2018-03-09 10:34:01,洪山区,本科,A轮,开发/测试/运维类,"移动互联网,数据服务","带薪年假,福利多,办公环境好,氛围自由","['软件开发', '大数据']",高级Python工程师,8k-16k,3-5年,,
313,广州游爱网络技术有限公司,广州,"['年终分红', '绩效奖金', '专项奖金', '年底双薪']",500-2000人,2018-03-09 10:03:38,天河区,大专,上市公司,技术,"移动互联网,游戏",五险一金 包三餐 全勤奖 项目奖金 年底双薪,"['游戏', 'node.js', 'php', '后端', 'SDK']",Python,8k-10k,1-3年,,
314,上海泛微网络科技股份有限公司,上海,"['技能培训', '带薪年假', '绩效奖金', '岗位晋升']",2000人以上,2018-03-08 11:36:48,闵行区,大专,上市公司,开发/测试/运维类,"移动互联网,企业服务","上市公司,免费三餐,员工旅游,健身房","['信息安全', 'linux', 'Nginx', '系统工程师']",运维工程师（python）,8k-12k,1-3年,,
315,金色家园网络科技有限公司,北京,"['节日礼物', '带薪年假', '绩效奖金', '管理规范']",2000人以上,2018-03-09 11:35:22,东城区,本科,不需要融资,产品/需求/项目类,O2O,"股票期权,绩效奖金","['云计算', '产品经理', 'linux', 'C++', 'Java', '架构']",中级python工程师,15k-25k,3-5年,,
316,深圳市博悦科创科技有限公司,深圳,"['年底双薪', '定期体检', '绩效奖金', '技能培训']",500-2000人,2018-03-07 14:11:17,南山区,大专,不需要融资,开发/测试/运维类,移动互联网,项目好，福利好，有发展前景,"['Java', '数据库']",python开发工程师,7k-14k,1-3年,,
317,北京高域海汇科技有限公司,北京,"['""""']",50-150人,2018-03-05 12:10:54,朝阳区,本科,不需要融资,开发/测试/运维类,移动互联网,薪资面议,['数据分析'],Python开发工程师,15K-25K,1-3年,,
318,北京一览科技有限公司,北京,"['股票期权', '弹性工作', '领导好', '扁平管理']",150-500人,2018-02-22 10:45:37,朝阳区,本科,B轮,开发/测试/运维类,"移动互联网,文化娱乐",福利优厚,"['资深', '高级', '中级', '软件开发', '大数据', 'django']",python开发工程师,20k-40k,不限,,
319,宁波新希望信息技术有限公司,宁波,"['技能培训', '年底双薪', '专项奖金', '带薪年假']",50-150人,2018-03-09 13:56:26,江北区,本科,未融资,技术,"企业服务,生活服务",出国机会，上升空间，踏实做事，靠谱,"['php', 'Java', 'MySQL', '资深', 'MQ']",Python,10k-15k,3-5年,,
320,上海炽聚网络科技有限公司,深圳,"['绩效奖金', '交通补助', '带薪年假', '定期体检']",50-150人,2018-03-09 13:16:24,南山区,本科,A轮,开发/测试/运维类,"电子商务,企业服务",热点行业，五险一金，待遇从优,"['中级', '软件开发', '云管理']",Python开发工程师,12K-20K,1-3年,,
321,北京陌上花科技有限公司,北京,"['股票期权', '岗位晋升', '弹性工作', '绩效奖金']",50-150人,2018-03-09 10:30:07,海淀区,本科,B轮,开发/测试/运维类,移动互联网,"股票期权,绩效奖金,技术大牛,弹性工作","['视频', '直播', '后端开发', 'linux']",高级Python开发工程师,20k-40k,3-5年,,
322,杭州雅顾科技有限公司,杭州,"['午餐补助', '带薪年假', '绩效奖金', '节日礼物']",50-150人,2018-03-05 17:04:49,西湖区,本科,不需要融资,开发/测试/运维类,"移动互联网,企业服务","团队年轻,行业排名前,高绩效,不加班","['中级', 'php', 'Java', 'web', '架构']",python工程师,10k-15k,1-3年,,
323,北京影谱科技股份有限公司,北京,"['年度旅游', '定期休假', '七险一金', '午餐补助']",50-150人,2018-03-01 09:29:18,东城区,本科,上市公司,开发/测试/运维类,"文化娱乐,广告营销","上市公司,项目奖金,全额社保,各种补助","['linux', 'C++']",Python开发工程师,15k-25k,3-5年,,
324,深圳布谷鸟信息科技有限公司,深圳,"['高颜值公司', '发展潜力大', '美女多', '岗位晋升']",500-2000人,2018-02-26 11:57:56,南山区,本科,不需要融资,开发/测试/运维类,"电子商务,移动互联网","五险一金,绩效奖金,技术大牛多,团队年轻化","['高级', 'php', '架构', 'django']",Python开发工程师,10k-20k,3-5年,,
325,武汉北蚁网络科技有限公司,武汉,"['年底双薪', '绩效奖金', '休闲餐点', '五险一金']",50-150人,2018-03-10 16:55:23,东湖新技术开发区,大专,不需要融资,开发/测试/运维类,"电子商务,移动互联网","五险一金,绩效奖金,休闲餐点","['云计算', '爬虫', 'php', 'Java']",Python高级开发工程师,10k-15k,5-10年,,
326,宁波清车电气有限公司,宁波,"['技能培训', '年底双薪', '带薪年假', '岗位晋升']",15-50人,2018-03-09 15:07:04,镇海区,大专,未融资,开发/测试/运维类,电子商务,"五险一金,做五休二,带薪年假,年底双薪","['MySQL', 'django']",Python软件工程师,6k-8k,1-3年,,
327,深圳贝尔创意科教有限公司,深圳,"['专项奖金', '绩效奖金', '定期体检', '节日福利']",500-2000人,2018-03-09 11:23:25,南山区,本科,上市公司,开发/测试/运维类,其他,"发展晋升,项目奖多,内部培训,福利津贴","['云计算', 'php', 'Java', '系统开发']",Python 开发工程师,15k-30k,3-5年,,
328,人人行科技有限公司,北京,"['年底双薪', '节日礼物', '绩效奖金', '岗位晋升']",2000人以上,2018-03-09 09:27:41,朝阳区,本科,C轮,开发/测试/运维类,"移动互联网,金融",九鼎控股；有钱任性；六险一金；福利好,"['云计算', '信息安全', '大数据']",高级Python,25k-35k,3-5年,,
329,阿基米德（上海）传媒有限公司,上海,"['年底双薪', '带薪年假', '绩效奖金', '扁平管理']",50-150人,2018-03-08 17:44:59,长宁区,本科,B轮,技术,"移动互联网,电子商务",五险一金、补充公积金、13薪、饭贴,"['云计算', 'linux', 'php', 'Java', '解决方案']",Python软件开发工程师,15k-22k,1-3年,,
330,苏州睿小麟教育科技有限公司,苏州,"['股票期权', '带薪年假', '午餐补助', '年底双薪']",少于15人,2018-03-08 13:16:11,工业园区,本科,天使轮,开发/测试/运维类,"移动互联网,教育","弹性工作,硅谷文化,国际化团队,股权激励","['高级', '服务器端', 'php', 'Java']",资深Python研发工程师,15k-25k,3-5年,,
331,武汉佰钧成技术有限责任公司,深圳,"['带薪年假', '计算机软件', '管理规范', '定期体检']",2000人以上,2018-03-08 09:20:01,南山区,大专,不需要融资,开发/测试/运维类,移动互联网,"仿真模型,六险一金,节日福利,法定假期","['高级', '中级', '大数据', 'SQL', 'hadoop']",python开发工程师,10k-17k,3-5年,,
332,上海大岂网络科技有限公司,上海,"['带薪年假', '定期体检', '年终分红', '节日礼物']",50-150人,2018-03-08 09:06:40,徐汇区,本科,B轮,开发/测试/运维类,移动互联网,"B轮公司,大数据团队,发展空间大,超长年假","['php', 'Java', 'MySQL']",python工程师,10k-20k,1-3年,,
333,车好多旧机动车经纪(北京)有限公司,北京,"['带薪年假', '弹性工作', '免费班车', '美女多']",2000人以上,2018-03-10 11:39:50,海淀区,本科,B轮,开发/测试/运维类,O2O,核心部门、团队氛围nice、期权奖励,['云计算'],高级python开发工程师,20k-40k,3-5年,,
334,酷转猫友（武汉）科技有限公司,武汉,"['带薪年假', '定期体检', '绩效奖金', '技能培训']",50-150人,2018-03-10 11:10:24,江夏区,本科,A轮,开发/测试/运维类,"移动互联网,社交网络","项目有潜力,环境舒适,团队激情,待遇丰厚","['资深', '后端开发', 'Java', '服务器端']",高级Python开发工程师,15k-20k,3-5年,,
335,北京智融时代科技有限公司,北京,"['股票期权', '绩效奖金', '五险一金', '带薪年假']",150-500人,2018-03-09 18:39:09,,本科,C轮,技术,金融,"成长空间,技术驱动,顶尖团队,弹性工作",[],高级Python开发工程师,20k-40k,3-5年,,
336,上海风创信息咨询有限公司,上海,"['节日礼物', '年底双薪', '绩效奖金', '定期体检']",500-2000人,2018-03-09 18:06:39,静安区,不限,C轮,开发/测试/运维类,教育,"大牛多,扁平化管理,弹性工时","['php', 'Java']",高级Python开发,15k-25k,3-5年,,
337,广州机智云物联网科技有限公司,广州,"['股票期权', '专项奖金', '带薪年假', '绩效奖金']",150-500人,2018-03-09 12:21:14,天河区,本科,B轮,开发/测试/运维类,"移动互联网,硬件","五险一金,绩效奖金,交通补贴,弹性工作制","['云计算', 'django']",python开发,10k-15k,1-3年,,
338,深圳市雁联计算系统有限公司,上海,"['节日礼物', '技能培训', '带薪年假', '绩效奖金']",500-2000人,2018-03-08 17:38:51,浦东新区,本科,不需要融资,开发/测试/运维类,金融,福利好、同事氛围融洽、职位晋升空间大,['后端开发'],Python开发工程师,10k-17k,1-3年,,
339,北京第三石科技发展有限公司,北京,"['股票期权', '交通补助', '带薪年假', '扁平管理']",50-150人,2018-03-08 15:24:13,朝阳区,本科,B轮,开发/测试/运维类,"移动互联网,电子商务",浓厚的技术氛围，良好的发展前景，福利多多,"['资深', '后端开发', 'Java', 'MySQL']",【5Miles】Python开发工程师,15k-30k,3-5年,,
340,凤凰飞扬（北京）新媒体信息技术有限公司,北京,"['免费班车', '八险一金', '各色型男', '过节大礼包']",2000人以上,2018-03-08 15:03:49,朝阳区,本科,上市公司,开发/测试/运维类,移动互联网,八险一金、优秀团队,['Java'],Python工程师-北京-01084,15k-25k,3-5年,,
341,蜜柚网络科技（上海）有限公司,上海,"['技能培训', '节日礼物', '股票期权', '带薪年假']",150-500人,2018-03-08 11:02:00,黄浦区,本科,不需要融资,开发/测试/运维类,"社交网络,文化娱乐","大牛带你飞,零食不断,过亿用户","['社交', '后端开发', '分布式', 'redis', '架构']",高级Python开发工程师,25k-50k,3-5年,,
342,江苏五星电器有限公司,南京,"['节日礼物', '带薪年假', '绩效奖金', '年度旅游']",2000人以上,2018-03-09 18:00:52,鼓楼区,本科,不需要融资,开发/测试/运维类,"电子商务,生活服务",五险一金 工作氛围好 SAP上线中 双休,"['运维', '系统工程师']",Python开发工程师,7k-12k,1-3年,,
343,博瑞天下（北京)科技有限公司,北京,"['股票期权', '扁平管理', '美女多', '五险一金']",50-150人,2018-03-09 17:07:47,海淀区,本科,A轮,开发/测试/运维类,"移动互联网,金融","核心产品,团队氛围好,业务前景大,指导新人","['信息安全', '服务器端', 'php', '架构']",高级python工程师,20k-35k,3-5年,,
344,北大医疗信息技术有限公司,北京,"['技能培训', '节日礼物', '带薪年假', '绩效奖金']",500-2000人,2018-03-09 16:31:53,海淀区,本科,不需要融资,开发/测试/运维类,医疗健康,"五险一金,绩效奖金,年终奖,补充医疗","['云计算', 'web前端', 'linux', '大数据', 'MySQL']",Python开发工程师,6k-12k,1-3年,,
345,北京好巧国际旅行社有限公司,北京,"['五险一金', '弹性工作', '扁平管理', '百万医疗']",150-500人,2018-03-09 13:52:46,朝阳区,本科,B轮,开发/测试/运维类,数据服务,"带薪年假,弹性工作,五险一金,股票期权",[],python高级工程师,25k-35k,5-10年,,
346,乐格商业咨询（深圳）有限公司,深圳,"['节日礼物', '技能培训', '职业发展预期', '岗位晋升']",150-500人,2018-03-09 11:21:27,福田区,本科,A轮,开发/测试/运维类,"企业服务,数据服务","精英团队,个人成长,外企文化,创业精神","['后端开发', '架构']",Python高级开发工程师,16k-30k,3-5年,,
347,上海宏路数据技术股份有限公司,上海,"['绩效奖金', '五险一金', '带薪年假', '年度旅游']",50-150人,2018-03-09 10:13:22,虹口区,不限,上市公司,开发/测试/运维类,移动互联网,扁平化 成长快 氛围好,"['php', 'Java']",Python开发工程师,7k-14k,不限,,
348,两鲜商贸（上海）有限公司,上海,"['技能培训', '节日礼物', '带薪年假', '岗位晋升']",150-500人,2018-03-09 09:50:16,浦东新区,大专,A轮,开发/测试/运维类,电子商务,"氛围轻松,大牛带教","['电商', '后端开发', 'php', 'Java']",Python 开发工程师,10k-15k,1-3年,,
349,上海厚本金融信息服务有限公司,上海,"['技能培训', '年底双薪', '股票期权', '带薪年假']",2000人以上,2018-03-09 09:29:11,黄浦区,本科,A轮,开发/测试/运维类,金融,"技术前沿,优渥待遇,学习成长","['高级', '爬虫', '服务器端', '自动化']",Python/Go 运维开发工程师,15k-25k,3-5年,,
350,深圳市博奥特科技有限公司,深圳,"['绩效奖金', '领导好', '帅哥多', '美女多']",150-500人,2018-03-09 09:04:59,福田区,大专,未融资,开发/测试/运维类,"移动互联网,金融","晋升机会大,五险一金,公积金","['金融', '中级', '大数据', '数据挖掘', '算法']",高级python开发工程师,13k-25k,5-10年,,
351,联想（北京）有限公司,北京,"['技能培训', '待遇优厚', '晋升空间', '五险一金']",2000人以上,2018-03-08 11:00:36,海淀区,本科,上市公司,开发/测试/运维类,"移动互联网,数据服务","福利全面,上市公司","['云计算', '软件开发', 'linux']",python开发高级工程师,18k-35k,3-5年,,
352,上海勃池信息技术有限公司,上海,"['股票期权', '扁平管理', '岗位晋升', '五险一金']",50-150人,2018-03-08 09:57:15,静安区,本科,天使轮,开发/测试/运维类,"金融,数据服务","年底双薪,地铁周边,期权激励,弹性工作","['大数据', '数据挖掘', '爬虫']",Python开发工程师,10k-20k,1-3年,,
353,上海壤歌市场营销策划有限公司,上海,"['股票期权', '绩效奖金', '岗位晋升', '扁平管理']",50-150人,2018-03-05 11:29:05,徐汇区,不限,A轮,技术,"移动互联网,企业服务","技术氛围,技术驱动,氛围年轻,福利多",[],Python,12k-24k,3-5年,,
354,中科视拓（北京）科技有限公司,北京,"['交通补助', '午餐补助', '扁平管理', '弹性工作']",50-150人,2018-03-05 11:27:29,海淀区,不限,A轮,开发/测试/运维类,企业服务,"五险一金,团建津贴,免费体检,节日礼金",['大数据'],Python高级工程师,25k-40k,1-3年,,
355,信必优(深圳)信息技术有限公司,深圳,"['节日礼物', '年底双薪', '带薪年假', '年度旅游']",2000人以上,2018-03-02 14:17:20,南山区,大专,未融资,开发/测试/运维类,"移动互联网,电子商务","金融项目,六险一金,加班少,加班费","['云计算', 'Java', 'MySQL', '系统分析']",Python开发工程师,12k-16k,3-5年,,
356,杭州传送门网络科技有限公司,杭州,"['初创企业', '互联网化', '去中心化', '领导Nice']",50-150人,2018-02-28 15:53:40,西湖区,大专,B轮,开发/测试/运维类,社交网络,双休 弹性工作制 海外游,"['自动化', 'django']",Python开发工程师,8k-16k,1-3年,,
357,成都路行通信息技术有限公司,成都,"['年度旅游', '岗位晋升', '管理规范', '定期体检']",500-2000人,2018-03-11 15:13:30,高新区,本科,不需要融资,开发/测试/运维类,"移动互联网,生活服务","高绩效奖励,多维度发展,完善福利,人性化管理","['后端开发', 'php', 'Java', 'MySQL', '后端']",Python开发工程师（中高级）,12k-20k,3-5年,,
358,深圳市泽林信息咨询有限公司,深圳,"['节日礼物', '技能培训', '绩效奖金', '年度旅游']",500-2000人,2018-03-10 10:42:49,南山区,大专,不需要融资,开发/测试/运维类,教育,"平台大,空间大,不加班",['MySQL'],高级python开发,15k-30k,3-5年,,
359,智线云科技（北京）有限公司,北京,"['绩效奖金', '股票期权', '带薪年假', '弹性工作']",50-150人,2018-03-09 10:33:57,朝阳区,本科,A轮,开发/测试/运维类,"移动互联网,数据服务","带薪年假,福利多,办公环境好,氛围自由","['软件开发', 'SaaS软件', '全栈能力']",高级Java/PHP/Python工程师,12k-24k,3-5年,,
360,平安科技（深圳）有限公司,深圳,"['节日礼物', '年度旅游', '岗位晋升', '技能培训']",2000人以上,2018-03-08 15:52:22,福田区,本科,不需要融资,开发/测试/运维类,金融,世界500强 带薪年假 节日福利 绩效丰厚,"['linux', 'C++']",Python后台开发工程师（深圳）,10k-15k,不限,,
361,上海点融信息科技有限责任公司,上海,"['节日礼物', '带薪年假', '岗位晋升', '扁平管理']",500-2000人,2018-03-08 14:08:15,黄浦区,本科,D轮及以上,开发/测试/运维类,金融,"前景好,福利好","['Java', 'web']",高级python开发工程师-SH415-41509,20k-40k,3-5年,,
362,试金石信用服务有限公司,深圳,"['绩效奖金', '带薪年假', '交通补助', '午餐补助']",50-150人,2018-03-08 11:36:16,南山区,本科,不需要融资,开发/测试/运维类,"数据服务,移动互联网","福利好,大牛多","['Java', '爬虫']",Python开发岗,10k-20k,1-3年,,
363,维我软件（上海）有限公司北京分公司,北京,"['行业领先', '超长年假', '年度旅游']",500-2000人,2018-03-07 18:17:35,朝阳区,本科,上市公司,开发/测试/运维类,"移动互联网,企业服务","纽交所上市,云计算,SaaS,股票","['云计算', '高级', '后端开发', 'web']",资深Python开发工程师,25k-35k,5-10年,,
364,深圳市有鱼智能科技有限公司,深圳,"['节日礼物', '股票期权', '带薪年假', '绩效奖金']",150-500人,2018-03-07 14:49:57,福田区,本科,上市公司,开发/测试/运维类,"移动互联网,金融","上市公司,弹性工作制,大牛多,发展空间大","['金融', '医疗健康', '文化娱乐', 'linux', 'Java']",Python开发工程师,10k-20k,1-3年,,
365,上海青客公共租赁住房租赁经营管理股份有限公司,上海,"['技能培训', '年底双薪', '专项奖金', '股票期权']",500-2000人,2018-03-06 14:05:59,徐汇区,本科,C轮,开发/测试/运维类,"移动互联网,O2O",办公环境，年终奖，晋升,"['云计算', '大数据', '数据分析', '数据挖掘']",python工程师,15k-25k,3-5年,,
366,北京墨迹风云科技股份有限公司,北京,"['五险一金', '弹性工作', '岗位晋升', '帅哥多']",150-500人,2018-03-05 16:20:29,朝阳区,本科,C轮,开发/测试/运维类,"移动互联网,生活服务","弹性工作,晋升完善,免费健身,6险1金","['即时通讯', '爬虫', '服务器端', 'linux', 'redis']",Python 开发工程师,20k-35k,3-5年,,
367,北京网融天下金融信息服务有限公司,北京,"['老板是帅哥', '绩效奖金', '五险一金', '带薪年假']",150-500人,2018-03-05 15:43:56,朝阳区,不限,C轮,开发/测试/运维类,金融,发展前景 弹性工作 领导Nice,"['金融', '资深', '高级', '后端开发', '大数据']",Python 开发工程师,15k-30k,不限,,
368,心灵失重（北京）科技有限公司,深圳,"['媲美名企高薪', '无限量零食', '五险一金', '年度旅游']",50-150人,2018-03-05 10:29:50,南山区,本科,A轮,技术,移动互联网,老司机来开车,['文化娱乐'],Python,15k-30k,3-5年,,
369,深圳市五一五游戏网络有限公司,深圳,"['节日礼物', '年底双薪', '专项奖金', '带薪年假']",15-50人,2018-03-09 10:54:02,南山区,大专,未融资,开发/测试/运维类,游戏,"国内外旅游,五险一金,任性下午茶,年终奖金","['游戏', '专家', '总监', '资深', '手游']",Python,15k-25k,3-5年,,
370,杭州嘉云数据科技有限公司,杭州,"['海量大数据', '世界级产品', 'AI', '智能供应链']",150-500人,2018-03-09 09:23:07,西湖区,本科,C轮,开发/测试/运维类,"电子商务,移动互联网","高流量,高并发,技术成长快,世界级产品",[],高级/资深 python开发工程师,20k-30k,3-5年,,
371,高德软件有限公司,北京,"['弹性工作', '帅哥多', '美女多', '五险一金']",2000人以上,2018-02-26 17:48:21,朝阳区,本科,上市公司,开发/测试/运维类,移动互联网,大平台，股票期权，免费班车,"['Java', 'MySQL']",高德-python开发高级工程师,18k-36k,3-5年,,
372,云蜂科技有限公司,北京,"['绩效奖金', '带薪年假', '定期体检', '年度旅游']",50-150人,2018-02-26 09:23:52,海淀区,本科,不需要融资,开发/测试/运维类,移动互联网,"发展空间大,技术氛围好,办公环境好,简单开放","['MySQL', '爬虫']",Python工程师,15k-25k,3-5年,,
373,成都路行通信息技术有限公司,成都,"['年度旅游', '岗位晋升', '管理规范', '定期体检']",500-2000人,2018-03-11 15:13:30,高新区,本科,不需要融资,开发/测试/运维类,"移动互联网,生活服务","高绩效奖励,多维度发展,完善福利,人性化管理","['项目管理', '架构设计', 'web后端']",高级python研发工程师,15k-20k,5-10年,,
374,杭州博博科技有限公司,杭州,"['年底双薪', '绩效奖金', '年终分红', '带薪年假']",15-50人,2018-03-10 14:23:28,余杭区,本科,天使轮,开发/测试/运维类,"移动互联网,医疗健康","空间大,发展好","['硬件制造', '算法', '图像处理', '机器学习', '图形处理']",python工程师,12k-18k,3-5年,,
375,深圳市博奥特科技有限公司,深圳,"['绩效奖金', '领导好', '帅哥多', '美女多']",150-500人,2018-03-10 09:16:23,罗湖区,不限,未融资,开发/测试/运维类,"移动互联网,金融","前景广阔,全新项目,提升空间大,项目背景强","['云计算', '中级', '初级', 'web']",PYTHON高级开发工程师,18k-25k,3-5年,,
376,岩心科技（深圳）有限公司,深圳,"['美女如云', '股票期权', '高速发展', '扁平管理']",150-500人,2018-03-09 15:14:54,南山区,本科,B轮,开发/测试/运维类,"移动互联网,金融","数据建模,机器学习,专注专业","['资深', '数据分析', '大数据', 'hadoop']",高级Python工程师/面向对象高级Python工,15k-30k,3-5年,,
377,北京爱狄特信息科技有限公司,北京,"['专项奖金', '绩效奖金', '年底双薪', '股票期权']",150-500人,2018-03-09 09:57:47,东城区,本科,不需要融资,开发/测试/运维类,"数据服务,其他",六险一金、餐补、电话补助、全勤奖,"['php', 'Java']",Python高级开发工程师,15k-30k,5-10年,,
378,北京神黄科技有限公司,北京,"['年底双薪', '带薪年假', '交通补助', '定期体检']",50-150人,2018-03-08 09:32:17,东城区,本科,未融资,技术,"医疗健康,移动互联网",五险工作居住证年终奖带薪假团建培训交补,['golang'],Python开发工程师,15k-30k,1-3年,,
379,上海墨沐金融信息服务有限公司,上海,"['不差钱', '经纬中国', '核心竞争力', '弹性工作']",15-50人,2018-03-07 10:34:29,杨浦区,本科,A轮,开发/测试/运维类,"移动互联网,金融","时间自由,技术先进,区块链","['金融', 'php', 'Java', '分布式']",python 开发工程师,10k-20k,1-3年,,
380,杭州健培科技有限公司,杭州,"['技能培训', '带薪年假', '岗位晋升', '年度旅游']",150-500人,2018-03-06 15:46:33,江干区,大专,不需要融资,开发/测试/运维类,"移动互联网,医疗健康","双休,五险一金,工作8小时,海外团队","['医疗健康', 'php', 'Java', 'MySQL', '后端']",python开发,8k-15k,1-3年,,
381,上海青客公共租赁住房租赁经营管理股份有限公司,上海,"['技能培训', '年底双薪', '专项奖金', '股票期权']",500-2000人,2018-03-06 14:05:57,徐汇区,本科,C轮,开发/测试/运维类,"移动互联网,O2O",年终奖，加班补贴，工作环境,"['云计算', '高级', '大数据', '数据分析', '数据挖掘']",python工程师,15k-25k,3-5年,,
382,北京优虎商务服务有限公司,北京,"['绩效奖金', '年底双薪', '带薪年假', '定期体检']",150-500人,2018-03-05 11:51:58,朝阳区,本科,B轮,开发/测试/运维类,"移动互联网,金融","NLP,算法,高效团队,机器学习","['NLP', '机器学习']",Python研发工程师,15k-30k,不限,,
383,北京字节跳动科技有限公司,北京,"['扁平管理', '弹性工作', '大厨定制三餐', '就近租房补贴']",2000人以上,2018-03-11 19:38:02,海淀区,本科,C轮,开发/测试/运维类,"移动互联网,数据服务",六险一金，弹性工作，免费三餐，租房补贴，带薪休假，休闲下午茶，扁平管理，健身瑜伽，过亿用户，职业大牛，晋升空间，团队氛围好，优厚薪资,['后端开发'],高级Python开发工程师,25k-40k,3-5年,,
384,成都路行通信息技术有限公司,成都,"['年度旅游', '岗位晋升', '管理规范', '定期体检']",500-2000人,2018-03-11 15:13:29,高新区,本科,不需要融资,开发/测试/运维类,"移动互联网,生活服务","高绩效奖励,多维度发展,完善福利,人性化管理",['web后端'],中级python研发工程师,8k-15k,3-5年,,
385,深圳永安在线科技有限公司,深圳,"['信息安全', '带薪年假', '股票期权', '绩效奖金']",15-50人,2018-03-09 20:53:28,南山区,本科,天使轮,开发/测试/运维类,信息安全,"不打卡,扁平化管理,报酬丰厚,氛围好","['信息安全', '大数据', 'php', 'Java']",高级Python,25k-40k,5-10年,,
386,深圳市杉岩数据技术有限公司,深圳,"['股票期权', '扁平管理', '领导好', '五险一金']",15-50人,2018-03-09 11:37:38,南山区,本科,A轮,开发/测试/运维类,"企业服务,数据服务","领导好,发展空间大,9点半上班,扁平化管理","['云计算', '软件开发', 'Java', '存储']",高级Python开发工程师,16k-23k,3-5年,,
387,山西优逸客科技有限公司,太原,"['技能培训', '专项奖金', '绩效奖金', '岗位晋升']",50-150人,2018-03-09 09:50:48,小店区,本科,不需要融资,开发/测试/运维类,移动互联网,五险一金,"['php', 'MySQL', '后端', '人工智能']",python工程师,8k-12k,1-3年,,
388,湖南康通电子股份有限公司,长沙,"['技能培训', '效益奖金', '岗位晋升', '通讯津贴']",150-500人,2018-03-07 17:21:24,芙蓉区,本科,未融资,开发/测试/运维类,移动互联网,"福利齐全,大牛并肩,钱途前景","['数据分析', '算法', '机器学习', '深度学习', '语音处理', '人工智能']",高级Python工程师,10k-20k,1-3年,,
389,苏州博纳讯动软件有限公司,北京,"['凝聚力强', '客户群广', '发展迅速', '团队年轻']",150-500人,2018-03-07 11:52:25,海淀区,本科,B轮,开发/测试/运维类,"移动互联网,企业服务","Linux,pytho,自动化","['linux', 'C++', 'Java']",python开发工程师,10k-20k,1-3年,,
390,上海墨沐金融信息服务有限公司,上海,"['不差钱', '经纬中国', '核心竞争力', '弹性工作']",15-50人,2018-03-07 10:34:28,杨浦区,本科,A轮,开发/测试/运维类,"移动互联网,金融","时间自由,技术先进,区块链,一年多薪","['金融', 'php', 'Java', '分布式']",资深python开发工程师,25k-35k,3-5年,,
391,烟台欣和企业食品有限公司,烟台,"['技能培训', '节日礼物', '绩效奖金', '岗位晋升']",2000人以上,2018-02-22 13:48:02,开发区,本科,不需要融资,开发/测试/运维类,生活服务,"领导好,氛围好,有班车","['大数据', 'web']",JAVA/Python工程师,5k-10k,3-5年,,
392,北京焱融科技有限公司,北京,"['股票期权', '带薪年假', '定期体检', '弹性工作']",50-150人,2018-03-10 11:15:42,海淀区,本科,A轮,开发/测试/运维类,企业服务,"老板nic,氛围好,弹性工作,团队棒","['云计算', 'OpenStack']",Python研发工程师,15k-25k,3-5年,,
393,永杨安风（北京）科技有限公司,北京,"['绩效奖金', '专项奖金', '带薪年假', '节日礼物']",50-150人,2018-03-09 18:23:28,朝阳区,本科,B轮,开发/测试/运维类,移动互联网,"移动互联网,绩效奖金,妹子多,国外团建","['移动互联网', '高级']",资深Python工程师,35k-45k,3-5年,,
394,上海道客网络科技有限公司,上海,"['工程师文化', '业界大牛', '改变世界', '豪华团队']",150-500人,2018-03-09 13:18:52,杨浦区,本科,A轮,开发/测试/运维类,"企业服务,数据服务","大牛环绕,弹性工作,福利优厚","['云计算', 'Java']",高级 Python 研发工程师（上海）,10k-20k,3-5年,,
395,上海江村市隐智能科技有限公司,上海,"['年底双薪', '带薪年假', '午餐补助', '绩效奖金']",50-150人,2018-03-09 09:34:09,浦东新区,本科,不需要融资,开发/测试/运维类,"移动互联网,企业服务",技术大牛,['后端开发'],Python开发,10k-15k,1-3年,,
396,京东金融,北京,"['供应链金融', '消费金融', '众筹业务', '支付业务']",2000人以上,2018-03-09 09:28:08,通州区,本科,上市公司,开发/测试/运维类,金融,年终奖，带薪年假，班车，午餐晚餐,"['后端开发', '大数据', '运维']",Python开发工程师-pass平台方向,25k-50k,5-10年,,
397,宏居网络技术（上海）有限公司,上海,"['带薪年假', '岗位晋升', '扁平管理', '美女多']",50-150人,2018-03-06 10:11:13,虹口区,本科,B轮,开发/测试/运维类,移动互联网,氛围好,"['后端开发', 'js', 'linux']",Python开发／后端软件工程师.,20k-30k,3-5年,,
398,北京智者天下科技有限公司,北京,"['年底双薪', '股票期权', '带薪年假', '定期体检']",150-500人,2018-02-27 15:18:52,海淀区,本科,D轮及以上,开发/测试/运维类,"移动互联网,社交网络",一日三餐、Mac 办公、年底双薪,[],Python开发工程师,20k-40k,3-5年,,
399,杭州健培科技有限公司,杭州,"['技能培训', '带薪年假', '岗位晋升', '年度旅游']",150-500人,2018-02-27 11:33:59,下沙,不限,不需要融资,开发/测试/运维类,"移动互联网,医疗健康",五险一金，提供早午餐，提供宿舍，高配团队,['软件开发'],python软件工程师,10K-15K,1-3年,,
400,深圳码隆科技有限公司,北京,"['技术大牛集聚', '扁平管理', '五险一金', '领导好']",50-150人,2018-03-11 12:50:25,海淀区,本科,B轮,开发/测试/运维类,移动互联网,发展前景广阔,['软件开发'],高级python工程师（北京）,25k-40k,1-3年,,
401,广州经传多赢投资咨询有限公司,广州,"['绩效奖金', '年度旅游', '扁平管理', '技能培训']",2000人以上,2018-03-10 16:52:49,番禺区,不限,不需要融资,开发/测试/运维类,"移动互联网,金融","高成长团队,团队稳定,氛围好","['php', 'Java']",python高级开发工程师,10k-20k,1-3年,,
402,北京好巧国际旅行社有限公司,北京,"['五险一金', '弹性工作', '扁平管理', '百万医疗']",150-500人,2018-03-09 13:52:46,朝阳区,大专,B轮,开发/测试/运维类,数据服务,"双休,高速发展,扁平管理,五险一金",['后端开发'],Linux C++/Python开发工程师,15k-20k,1-3年,,
403,上海众言网络科技有限公司,上海,"['技能培训', '节日礼物', '年底双薪', '绩效奖金']",150-500人,2018-03-09 10:57:17,徐汇区,大专,B轮,开发/测试/运维类,移动互联网,"季度旅游,带薪年假,下午茶,股票期权","['资深', 'web']",高级Python开发,12k-24k,3-5年,,
404,北京高思博乐教育科技股份有限公司,北京,"['绩效奖金', '带薪年假', '专项奖金', '六险一金']",2000人以上,2018-03-09 10:03:00,海淀区,本科,上市公司,开发/测试/运维类,"教育,移动互联网","领导好,氛围好,成长快,平台广阔",['Java'],Python工程师-大数据方向,15k-30k,3-5年,,
405,深圳回收宝科技有限公司,深圳,"['股票期权', '城市核心', '岗位晋升', '腾讯系']",150-500人,2018-03-08 16:58:19,南山区,本科,B轮,开发/测试/运维类,"移动互联网,电子商务","腾讯系团队,大牛导师多,发展前景广,薪资待遇好","['专家', '资深', 'MySQL', '后端']",Python开发工程师,15k-22k,3-5年,,
406,浙江天垂科技有限公司,杭州,"['全新MAC', '24+显示器', '硅谷工作机会', '股票期权']",15-50人,2018-03-08 10:58:15,滨江区,本科,天使轮,开发/测试/运维类,"数据服务,企业服务","弹性工作,硅谷团队,股权激励,全正版软件","['高级', '后端开发', 'web']",Python工程师,15k-30k,3-5年,,
407,上海店达信息技术有限公司,上海,"['扁平管理', '产品牛', '晋升空间大']",500-2000人,2018-03-08 09:30:24,浦东新区,本科,B轮,开发/测试/运维类,"电子商务,O2O","可调休,定期团建,技术牛","['云计算', '后端开发', '分布式', 'redis']",Python 研发工程师,10k-20k,1-3年,,
408,维我软件（上海）有限公司北京分公司,北京,"['行业领先', '超长年假', '年度旅游']",500-2000人,2018-03-07 18:24:04,朝阳区,本科,上市公司,开发/测试/运维类,"移动互联网,企业服务","纽交所上市,云计算,SaaS,股票","['云计算', '高级', '后端开发', '架构师']",资深Python工程师,25k-35k,5-10年,,
409,北京天广汇通科技有限公司,北京,"['股票期权', '午餐补助', '通讯津贴', '绩效奖金']",50-150人,2018-02-22 09:48:44,海淀区,本科,不需要融资,开发/测试/运维类,"信息安全,数据服务",软件工程师,"['社交', '软件开发', 'Java', '爬虫']",python开发工程师,15k-25k,3-5年,,
410,北京推想科技有限公司,武汉,"['午餐补助', '股票期权', '定期体检', '弹性工作']",50-150人,2018-03-08 10:24:44,硚口区,大专,B轮,开发/测试/运维类,"医疗健康,数据服务","人工智能,快速成长,弹性工时,年终奖丰厚","['医疗健康', '数据库', '运维', '实施']",python工程师,6k-12k,1年以下,,
411,深圳狗尾草智能科技有限公司,深圳,"['年底双薪', '股票期权', '带薪年假', '绩效奖金']",150-500人,2018-03-08 09:51:06,南山区,本科,A轮,开发/测试/运维类,"移动互联网,O2O","待遇超级好,福利超级多,公司发展快,人傻钱还多","['tornado', 'redis', 'flask', '高并发分布式']",高级Python开发工程师,15k-30k,3-5年,,
412,重庆食联购电子商务有限公司,重庆,"['股票期权', '专项奖金', '绩效奖金', '年终分红']",15-50人,2018-03-08 09:36:12,江北区,本科,未融资,开发/测试/运维类,"移动互联网,电子商务","公司氛围好,带薪年假,扁平管理","['云计算', '大数据', '数据分析', '数据挖掘']",python工程师,9k-12k,1-3年,,
413,杭州健培科技有限公司,杭州,"['技能培训', '带薪年假', '岗位晋升', '年度旅游']",150-500人,2018-03-06 15:46:34,江干区,不限,不需要融资,开发/测试/运维类,"移动互联网,医疗健康","双休,五险,工作8小时,法定节假日",['Java'],python开发工程师,6k-10k,1-3年,,
414,北京鱼行天下网络科技有限公司,北京,"['五险一金', '专项奖金', '半年调薪', '团建旅游']",50-150人,2018-02-23 10:28:11,朝阳区,本科,B轮,开发/测试/运维类,旅游,"氛围轻松,有成就感,成长空间大","['教育', '资深', '高级', '中级', 'php']",Python工程师,15k-30k,1-3年,,
415,深圳码隆科技有限公司,深圳,"['技术大牛集聚', '扁平管理', '五险一金', '领导好']",50-150人,2018-03-11 12:08:46,盐田区,本科,B轮,开发/测试/运维类,移动互联网,发展前景广阔,['软件开发'],高级python开发工程师（深圳）,20k-40k,1-3年,,
416,武汉佰钧成技术有限责任公司,杭州,"['带薪年假', '计算机软件', '管理规范', '定期体检']",2000人以上,2018-03-09 12:28:34,西湖区,本科,不需要融资,开发/测试/运维类,移动互联网,"大牛,最新领域,技术,美女","['linux', '测试开发']",Python开发工程师(云栖小镇),10k-18k,1-3年,,
417,北京云途腾科技有限责任公司,北京,"['节日礼物', '技能培训', '绩效奖金', '年度旅游']",50-150人,2018-03-08 13:59:01,海淀区,本科,B轮,开发/测试/运维类,数据服务,福利好 领导傻富甜 捎带手儿解决个人问题,"['股票', '保险', '云计算', '解决方案', 'OpenStack', '架构']",高级python研发工程师,20k-40k,5-10年,,
418,北京物灵智能科技有限公司,北京,"['带薪年假', '定期体检', '年终分红', '餐补']",150-500人,2018-03-06 16:26:03,朝阳区,本科,不需要融资,开发/测试/运维类,"硬件,移动互联网","人工智能,万物有灵,黑科技,硅谷范","['智能硬件', '高级', 'linux', 'C++', '架构']",python研发工程师,15k-30k,3-5年,,
419,上海基分文化传播有限公司,北京,[],500-2000人,2018-03-05 14:00:16,海淀区,本科,不需要融资,开发/测试/运维类,移动互联网,"16薪,带薪年假,大厂薪资,补助","['资深', '中级', '爬虫']",高级Python开发/Python开发,20k-40k,3-5年,,
420,医渡云（北京）技术有限公司,北京,"['节日礼物', '年底双薪', '股票期权', '带薪年假']",150-500人,2018-03-01 12:57:11,海淀区,本科,B轮,开发/测试/运维类,"O2O,医疗健康","六险一金,免费三餐,带薪年假,租房补助","['高级', '后端开发', 'PHP', 'MySQL', 'redis']",Python开发工程师,18k-35k,1-3年,,
421,上海海万信息科技股份有限公司,深圳,[],500-2000人,2018-03-08 16:35:05,福田区,大专,不需要融资,开发/测试/运维类,"移动互联网,金融","双休,过节费,年度体检,旅游","['linux', 'node.js', 'Java']",python开发工程师,10k-20k,3-5年,,
422,上海微创软件股份有限公司北京分公司,北京,"['年底双薪', '节日礼物', '技能培训', '免费班车']",2000人以上,2018-03-08 15:27:22,海淀区,本科,不需要融资,开发/测试/运维类,"移动互联网,电子商务",六险一金 带薪年假 微软办公 弹性工作,['爬虫'],高级Python工程师,10k-15k,3-5年,,
423,北京奇安信科技有限公司,上海,"['年底双薪', '带薪年假', '午餐补助', '定期体检']",2000人以上,2018-03-06 18:56:15,徐汇区,本科,不需要融资,开发/测试/运维类,"电子商务,企业服务",妹子多，大牛多，交通方便，地铁口出来就到,"['信息安全', '高级', 'Java', '架构']",Python开发工程师,15k-30k,3-5年,,
424,新智超脑科技有限公司,北京,"['通讯津贴', '定期体检', '交通补助', '午餐补助']",500-2000人,2018-03-06 14:05:38,朝阳区,本科,不需要融资,开发/测试/运维类,"数据服务,电子商务",福利待遇好 公司氛围好,['中级'],Python高级工程师,15k-25k,3-5年,,
425,维我软件（上海）有限公司北京分公司,北京,"['行业领先', '超长年假', '年度旅游']",500-2000人,2018-03-07 18:18:35,朝阳区,本科,上市公司,开发/测试/运维类,"移动互联网,企业服务","纽交所上市,云计算,SaaS,股票","['资深', '后端开发', 'Java', 'web', '云服务']",高级Python开发工程师,25k-35k,5-10年,,
426,北京多牛互动传媒股份有限公司,北京,"['五险一金', '节日礼物', '弹性工作', '岗位晋升']",150-500人,2018-02-24 09:44:04,海淀区,本科,上市公司,开发/测试/运维类,文化娱乐,"五险一金,带薪年假,零食饮料,帅哥美女","['后端开发', 'php', 'Java', 'Ruby']",Python开发工程师-WEB-DNJS0007,12k-24k,3-5年,,
427,深圳市明源云采购电子商务有限公司,深圳,"['带薪年假', '绩效奖金', '定期体检', '通讯津贴']",2000人以上,2018-03-10 14:32:36,南山区,本科,上市公司,开发/测试/运维类,"移动互联网,企业服务","牛人多,扁平化管理","['教育', '大数据', '数据分析', 'Java']",高级Python开发工程师,16k-22k,3-5年,,
428,广东修炼科技股份有限公司,广州,"['股票期权', '弹性工作', '美女多', '扁平管理']",50-150人,2018-03-10 09:49:56,天河区,大专,不需要融资,开发/测试/运维类,移动互联网,"大咖带队,妹子多,氛围好,实力强","['大数据', 'Java', '数据库']",Python 开发工程师,8k-16k,1-3年,,
429,人人贷商务顾问（北京）有限公司,北京,"['绩效奖金', '年底双薪', '五险一金', '交通补助']",500-2000人,2018-03-09 19:22:58,海淀区,本科,A轮,开发/测试/运维类,金融,"团队好,技术氛围浓","['中级', '初级', '大数据', '数据挖掘', '数据开发']",Python开发工程师,8k-16k,1-3年,,
430,广州杰颉软件科技有限公司,广州,"['股票期权', '绩效奖金', '带薪年假', '弹性工作']",15-50人,2018-03-07 15:45:20,天河区,不限,A轮,开发/测试/运维类,"信息安全,数据服务","薪资高,发展空间大,股权,丰富的活动","['linux', 'MySQL', 'oracle', 'DB2', 'PostgreSQL']",Python工程师,15k-20k,3-5年,,
431,广州中国科学院计算机网络信息中心,广州,"['扁平管理', '定期体检', '五险一金']",50-150人,2018-03-05 10:18:34,南沙区,本科,不需要融资,开发/测试/运维类,移动互联网,"六险一金,周末双休,节日福利","['php', 'Java', '后端', 'golang']",高级python开发工程师,15k-20k,3-5年,,
432,深圳市中手游网络科技有限公司,深圳,"['节日礼物', '技能培训', '绩效奖金', '岗位晋升']",500-2000人,2018-03-09 09:23:36,福田区,大专,上市公司,开发/测试/运维类,"移动互联网,游戏","大平台,福利好,牛人多,晋升空间大","['游戏', 'C++', '后端', 'Erlang']",sz-Python开发岗,15k-25k,1-3年,,
433,北京顶象技术有限公司,南京,"['股票期权', '带薪年假', '弹性工作', '五险一金']",50-150人,2018-03-08 18:51:17,雨花台区,本科,A轮,开发/测试/运维类,"信息安全,企业服务","五险一金,弹性工作,年底多薪,带薪年假","['信息安全', 'C/C++', 'linux']",资深开发工程师-C/Python,15k-30k,3-5年,,
434,北京明日虫洞科技有限公司,北京,"['年底双薪', '股票期权', '扁平管理', '领导好']",15-50人,2018-02-27 10:55:59,海淀区,本科,B轮,开发/测试/运维类,"移动互联网,数据服务",技术团队牛人多&nbsp,核心人员背景强&nbsp,福利好,"['后端', 'mongodb']",Python,15k-30k,1-3年
435,北京奇安信科技有限公司,北京,"['年底双薪', '带薪年假', '午餐补助', '定期体检']",2000人以上,2018-03-05 12:07:48,朝阳区,不限,不需要融资,开发/测试/运维类,"电子商务,企业服务",五险一金，弹性工作，餐饮补贴，节日福利,"['资深', 'linux', 'Web扫描器']",python 开发工程师,15k-30k,3-5年,,
436,成都市肆零肆网络科技有限公司,成都,"['弹性工作', '帅哥多', '节日礼物', '管理规范']",15-50人,2018-03-08 16:17:08,武侯区,本科,未融资,开发/测试/运维类,"信息安全,数据服务","六险一金,带薪年假,项目提成,周末双休","['资深', '数据分析', '大数据']",Python高级开发工程师,10k-15k,3-5年,,
437,深圳狗尾草智能科技有限公司,上海,"['年底双薪', '股票期权', '带薪年假', '绩效奖金']",150-500人,2018-03-08 09:51:05,静安区,本科,A轮,开发/测试/运维类,"移动互联网,O2O","五险一金,年终多薪,车补餐补,项目奖金","['体育运动', '后台']",高级Python开发工程师,15k-30k,5-10年,,
438,北京首都在线科技股份有限公司,北京,"['绩效奖金', '通讯津贴', '定期体检', '带薪年假']",150-500人,2018-03-11 20:15:48,海淀区,本科,上市公司,开发/测试/运维类,移动互联网,"薪酬福利好,云计算公司","['云计算', 'redis', '架构']",python研发工程师,15k-25k,5-10年,,
439,路书（北京）科技有限公司,北京,"['年度旅游', '五险一金', '弹性工作', '股票期权']",50-150人,2018-03-09 11:30:55,朝阳区,本科,A轮,开发/测试/运维类,"移动互联网,旅游","优秀团队,高颜值产品,年度旅游,扁平化管理",[],高级python研发工程师,25k-40k,5-10年,,
440,深圳市易博天下科技有限公司,深圳,"['年底双薪', '股票期权', '带薪年假', '创业公司范儿']",150-500人,2018-03-09 11:29:07,南山区,大专,上市公司,技术,"移动互联网,O2O",平台好 高速增长 股票期权 创业团队,"['移动互联网', 'web', '服务器端']",Python开发工程师,11k-20k,1-3年,,
441,北京点石经纬科技有限公司,北京,"['五险一金', '带薪年假', '节日礼物', '年度旅游']",150-500人,2018-03-09 10:45:49,海淀区,大专,B轮,开发/测试/运维类,"移动互联网,教育","平台好,领导好,大牛多","['自动化', 'linux', 'Java']",高级python工程师,15k-30k,3-5年,,
442,广州杰颉软件科技有限公司,上海,"['股票期权', '绩效奖金', '带薪年假', '弹性工作']",15-50人,2018-03-07 15:45:18,杨浦区,本科,A轮,开发/测试/运维类,"信息安全,数据服务","发展空间大,公司氛围好,员工股权,管理规范","['Java', 'MySQL']",Python开发工程师,10k-15k,3-5年,,
443,大河网络传媒有限公司,郑州,"['节日礼物', '年底双薪', '专项奖金', '带薪年假']",150-500人,2018-02-24 10:49:32,中原区,本科,不需要融资,技术,文化娱乐,五险 双休,['云计算'],Python,5k-10k,1-3年,,
444,上海拍拍贷金融信息服务有限公司,上海,"['绩效奖金', '五险一金', '带薪年假', '午餐补助']",2000人以上,2018-02-23 18:29:55,浦东新区,不限,上市公司,开发/测试/运维类,金融,核心team，发展空间大，大牛多，福利多多,[],大数据研发工程师-python,15k-30k,不限,,
445,深圳码隆科技有限公司,北京,"['技术大牛集聚', '扁平管理', '五险一金', '领导好']",50-150人,2018-03-11 12:50:26,海淀区,本科,B轮,开发/测试/运维类,移动互联网,发展前景广阔,['软件开发'],python工程师(北京),15k-25k,1-3年,,
446,北京云英传奇技术有限公司,上海,"['绩效奖金', '定期体检', '带薪年假', '弹性工作']",50-150人,2018-03-09 16:54:46,浦东新区,本科,A轮,开发/测试/运维类,"移动互联网,数据服务",高薪,"['广告营销', '后端开发', '算法', '机器学习', '搜索']",Python开发工程师,17k-25k,3-5年,,
447,顺丰科技有限公司,深圳,"['技能培训', '节日礼物', '带薪年假', '岗位晋升']",500-2000人,2018-03-06 19:40:04,南山区,本科,不需要融资,开发/测试/运维类,"移动互联网,电子商务","挑战大,前景好,弹性上班,福利好","['后端开发', 'linux', 'MySQL', '后端', 'flask']",python后台开发工程师,15k-30k,3-5年,,
448,混沌时代（北京）教育科技有限公司,北京,"['弹性工作', '扁平管理', '领导好', '五险一金']",150-500人,2018-03-06 13:39:51,海淀区,本科,不需要融资,开发/测试/运维类,"移动互联网,教育","福利待遇好,超棒团队,弹性工作","['后端开发', '服务器端']",高级python开发工程师,20k-40k,3-5年,,
449,广州中国科学院计算机网络信息中心,广州,"['扁平管理', '定期体检', '五险一金']",50-150人,2018-03-05 10:18:36,南沙区,本科,不需要融资,开发/测试/运维类,移动互联网,"专业团队,年终奖金,六险一金","['php', 'Java']",Python开发工程师,9k-15k,1-3年,,
